DROP TABLE users CASCADE CONSTRAINTS;
DROP TABLE trades CASCADE CONSTRAINTS;
DROP TABLE shares CASCADE CONSTRAINTS;
DROP TABLE companies CASCADE CONSTRAINTS;
DROP TABLE CurrentTrades CASCADE CONSTRAINTS;
DROP TABLE ownedshares CASCADE CONSTRAINTS;
DROP TABLE sharesprices CASCADE CONSTRAINTS;
DROP TABLE trackedshare CASCADE CONSTRAINTS;

CREATE TABLE users (USERID NUMBER(19) NOT NULL, ADMINBOOLEAN NUMBER(10) NULL, BANNED NUMBER(10) NULL, CREDIT NUMBER(19,4) NULL, EMAIL VARCHAR2(255) NULL, IMAGEFILE BLOB NULL, PASSWORD VARCHAR2(255) NULL, USERNAME VARCHAR2(255) NULL, PRIMARY KEY (USERID));
CREATE TABLE trades (TRADEID NUMBER(19) NOT NULL, PRICETOTAL NUMBER(19,4) NULL, QUANTITY NUMBER(19,4) NULL, TRANSACTIONTIME TIMESTAMP NULL, buyer_id NUMBER(19) NULL, seller_id NUMBER(19) NULL, SHARE_SHAREID NUMBER(19) NULL, PRIMARY KEY (TRADEID));
CREATE TABLE shares (SHAREID NUMBER(19) NOT NULL, COMPANY_COMPANYID NUMBER(19) NULL, PRIMARY KEY (SHAREID));
CREATE TABLE companies (COMPANYID NUMBER(19) NOT NULL, BIO VARCHAR2(1024) NULL, INDUSTRY VARCHAR2(255) NULL, NAME VARCHAR2(255) NULL, PRIMARY KEY (COMPANYID));
CREATE TABLE ownedShares (OWNEDSHAREID NUMBER(19) NOT NULL, PRICEPERSHARE NUMBER(19,4) NULL, QUANTITY NUMBER(19,4) NULL, SHARE_SHAREID NUMBER(19) NULL, user_id NUMBER(19) NULL, PRIMARY KEY (OWNEDSHAREID));
CREATE TABLE currentTrades (SHAREPRICEID NUMBER(19) NOT NULL, AMOUNTBUYING NUMBER(19,4) NULL, AMOUNTSELLING NUMBER(19,4) NULL, BUYPRICE NUMBER(19,4) NULL, SELLPRICE NUMBER(19,4) NULL, TIMEPOSTED TIMESTAMP NULL, share_id NUMBER(19) NULL, user_id NUMBER(19) NULL, PRIMARY KEY (SHAREPRICEID));
CREATE TABLE sharesprices (SHARESPRICESID NUMBER(19) NOT NULL, PRICE NUMBER(19,4) NULL, TIMESTAMP TIMESTAMP NULL, SHARE_SHAREID NUMBER(19) NULL, PRIMARY KEY (SHARESPRICESID));
CREATE TABLE TrackedShare (TRACKEDID NUMBER(19) NOT NULL, USER_USERID NUMBER(19) NULL, SHAREPRICE_SHARESPRICESID NUMBER(19) NULL, PRIMARY KEY (TRACKEDID));

ALTER TABLE trades ADD CONSTRAINT FK_trades_buyer_id FOREIGN KEY (buyer_id) REFERENCES users (USERID);
ALTER TABLE trades ADD CONSTRAINT FK_trades_seller_id FOREIGN KEY (seller_id) REFERENCES users (USERID);
ALTER TABLE trades ADD CONSTRAINT FK_trades_SHARE_SHAREID FOREIGN KEY (SHARE_SHAREID) REFERENCES shares (SHAREID);
ALTER TABLE shares ADD CONSTRAINT FK_shares_COMPANY_COMPANYID FOREIGN KEY (COMPANY_COMPANYID) REFERENCES companies (COMPANYID);
ALTER TABLE ownedShares ADD CONSTRAINT FK_ownedShares_SHARE_SHAREID FOREIGN KEY (SHARE_SHAREID) REFERENCES shares (SHAREID);
ALTER TABLE ownedShares ADD CONSTRAINT FK_ownedShares_user_id FOREIGN KEY (user_id) REFERENCES users (USERID);
ALTER TABLE currentTrades ADD CONSTRAINT FK_currentTrades_user_id FOREIGN KEY (user_id) REFERENCES users (USERID);
ALTER TABLE currentTrades ADD CONSTRAINT FK_currentTrades_share_id FOREIGN KEY (share_id) REFERENCES shares (SHAREID);
ALTER TABLE sharesprices ADD CONSTRAINT FK_sharesprices_SHARE_SHAREID FOREIGN KEY (SHARE_SHAREID) REFERENCES shares (SHAREID);
ALTER TABLE TrackedShare ADD CONSTRAINT TrckdShreSHRPRCESHARESPRICESID FOREIGN KEY (SHAREPRICE_SHARESPRICESID) REFERENCES sharesprices (SHARESPRICESID);
ALTER TABLE TrackedShare ADD CONSTRAINT FK_TrackedShare_USER_USERID FOREIGN KEY (USER_USERID) REFERENCES users (USERID);

INSERT INTO Users (UserID,Adminboolean,banned,credit,email,imagefile,password,username) VALUES (1,0,0,9021,'dui.Cras.pellentesque@acmattis.ca','1611090546899','seafood','Admin');--new queries
INSERT INTO Users (UserID,Adminboolean,banned,credit,email,imagefile,password,username) VALUES (2,0,0,5958,'purus.Maecenas.libero@gravidamolestiearcu.co.uk','1618102239399','sandwiches','Xander');
INSERT INTO Users (UserID,Adminboolean,banned,credit,email,imagefile,password,username) VALUES (3,0,0,8582,'ante.ipsum.primis@quisturpisvitae.org','1639091600199','seafood','Hashim');
INSERT INTO Users (UserID,Adminboolean,banned,credit,email,imagefile,password,username) VALUES (4,0,0,8747,'dolor@magnaet.edu','1626092222399','sandwiches','Ferdinand');
INSERT INTO Users (UserID,Adminboolean,banned,credit,email,imagefile,password,username) VALUES (5,0,0,3467,'posuere.vulputate@laoreet.com','1616100445299','cereals','Carl');
INSERT INTO Users (UserID,Adminboolean,banned,credit,email,imagefile,password,username) VALUES (6,0,0,3975,'Mauris@purus.ca','1601040825299','pasta','Emmanuel');
INSERT INTO Users (UserID,Adminboolean,banned,credit,email,imagefile,password,username) VALUES (7,0,0,7193,'malesuada.id.erat@massaIntegervitae.ca','1670052122499','stews','Cole');
INSERT INTO Users (UserID,Adminboolean,banned,credit,email,imagefile,password,username) VALUES (8,0,0,6669,'eu.tellus.eu@vitaesodales.co.uk','1657010646099','cereals','Nasim');
INSERT INTO Users (UserID,Adminboolean,banned,credit,email,imagefile,password,username) VALUES (9,0,0,8299,'enim.nec@Nulla.org','1638073036299','desserts','Valentine');
INSERT INTO Users (UserID,Adminboolean,banned,credit,email,imagefile,password,username) VALUES (10,0,0,8481,'eu.augue@cursusnon.co.uk','1669122539099','pasta','Jerry');
INSERT INTO Users (UserID,Adminboolean,banned,credit,email,imagefile,password,username) VALUES (11,0,0,2288,'Nulla.aliquet.Proin@dignissimtemporarcu.org','1658090947899','sandwiches','Leroy');
INSERT INTO Users (UserID,Adminboolean,banned,credit,email,imagefile,password,username) VALUES (12,0,0,9885,'Vestibulum.ante@euismod.net','1660050907899','noodles','Thaddeus');
INSERT INTO Users (UserID,Adminboolean,banned,credit,email,imagefile,password,username) VALUES (13,0,0,6841,'erat.Etiam.vestibulum@vitaeerat.co.uk','1688072449699','noodles','Clark');
INSERT INTO Users (UserID,Adminboolean,banned,credit,email,imagefile,password,username) VALUES (14,0,0,6767,'cursus.vestibulum@Nunclaoreet.org','1652112364799','stews','Laith');
INSERT INTO Users (UserID,Adminboolean,banned,credit,email,imagefile,password,username) VALUES (15,0,0,9871,'sodales@aaliquetvel.org','1616020879199','noodles','Wayne');
INSERT INTO Users (UserID,Adminboolean,banned,credit,email,imagefile,password,username) VALUES (16,0,0,5626,'Duis.cursus@auctornon.net','1676020138199','desserts','Dolan');
INSERT INTO Users (UserID,Adminboolean,banned,credit,email,imagefile,password,username) VALUES (17,0,0,3819,'faucibus.lectus@necenim.edu','1693012900399','salads','Nash');
INSERT INTO Users (UserID,Adminboolean,banned,credit,email,imagefile,password,username) VALUES (18,0,0,9890,'Nunc@sed.net','1667061992699','desserts','Curran');
INSERT INTO Users (UserID,Adminboolean,banned,credit,email,imagefile,password,username) VALUES (19,0,0,9512,'mus.Proin.vel@lectuspede.org','1662122559399','noodles','Hector');
INSERT INTO Users (UserID,Adminboolean,banned,credit,email,imagefile,password,username) VALUES (20,0,0,8499,'dui.Cum@velarcueu.net','1654071900499','pies','Aquila');
INSERT INTO Users (UserID,Adminboolean,banned,credit,email,imagefile,password,username) VALUES (21,0,0,8413,'scelerisque.neque@variusNam.co.uk','1615031342699','seafood','Tiger');
INSERT INTO Users (UserID,Adminboolean,banned,credit,email,imagefile,password,username) VALUES (22,0,0,9354,'semper.pretium@ornare.net','1627031426599','pasta','Curran');
INSERT INTO Users (UserID,Adminboolean,banned,credit,email,imagefile,password,username) VALUES (23,0,0,2019,'volutpat.ornare@ullamcorpernisl.com','1657081021899','stews','Caleb');
INSERT INTO Users (UserID,Adminboolean,banned,credit,email,imagefile,password,username) VALUES (24,0,0,6418,'tincidunt@eratnequenon.ca','1638030329399','pasta','Zachery');
INSERT INTO Users (UserID,Adminboolean,banned,credit,email,imagefile,password,username) VALUES (25,0,0,2918,'egestas@Nulla.ca','1677050151799','soups','Rafael');
INSERT INTO Users (UserID,Adminboolean,banned,credit,email,imagefile,password,username) VALUES (26,0,0,7345,'sapien.Nunc.pulvinar@variuseteuismod.org','1665111981099','desserts','Wylie');
INSERT INTO Users (UserID,Adminboolean,banned,credit,email,imagefile,password,username) VALUES (27,0,0,6303,'quam.dignissim.pharetra@auctornuncnulla.ca','1679022690899','sandwiches','John');
INSERT INTO Users (UserID,Adminboolean,banned,credit,email,imagefile,password,username) VALUES (28,0,0,4464,'vulputate.risus.a@adipiscingfringillaporttitor.net','1653040611499','salads','Edan');
INSERT INTO Users (UserID,Adminboolean,banned,credit,email,imagefile,password,username) VALUES (29,0,0,9060,'ante@ipsum.ca','1645091579999','desserts','Theodore');
INSERT INTO Users (UserID,Adminboolean,banned,credit,email,imagefile,password,username) VALUES (30,0,0,5519,'montes.nascetur.ridiculus@convallis.org','1685052066399','desserts','Rigel');
INSERT INTO Users (UserID,Adminboolean,banned,credit,email,imagefile,password,username) VALUES (31,0,0,9933,'magna@porttitorscelerisqueneque.org','1699031264799','salads','Sylvester');
INSERT INTO Users (UserID,Adminboolean,banned,credit,email,imagefile,password,username) VALUES (32,0,0,4094,'tristique@molestie.ca','1694060544699','desserts','Macon');
INSERT INTO Users (UserID,Adminboolean,banned,credit,email,imagefile,password,username) VALUES (33,0,0,2900,'sed.sem.egestas@volutpat.net','1665032977699','desserts','Amal');
INSERT INTO Users (UserID,Adminboolean,banned,credit,email,imagefile,password,username) VALUES (34,0,0,7342,'scelerisque.sed@inceptoshymenaeosMauris.ca','1610060735199','pies','Linus');
INSERT INTO Users (UserID,Adminboolean,banned,credit,email,imagefile,password,username) VALUES (35,0,0,7519,'quis.massa@velsapien.org','1680100830299','salads','Channing');
INSERT INTO Users (UserID,Adminboolean,banned,credit,email,imagefile,password,username) VALUES (36,0,0,6263,'cursus.non@mieleifend.net','1635031472599','salads','Kirk');
INSERT INTO Users (UserID,Adminboolean,banned,credit,email,imagefile,password,username) VALUES (37,0,0,2918,'et.commodo.at@lectus.co.uk','1625071915099','salads','Branden');
INSERT INTO Users (UserID,Adminboolean,banned,credit,email,imagefile,password,username) VALUES (38,0,0,5104,'mi.Duis.risus@Sed.com','1673110755299','noodles','Chester');
INSERT INTO Users (UserID,Adminboolean,banned,credit,email,imagefile,password,username) VALUES (39,0,0,6270,'vitae.erat.vel@auguescelerisquemollis.edu','1667071433799','pies','Felix');
INSERT INTO Users (UserID,Adminboolean,banned,credit,email,imagefile,password,username) VALUES (40,0,0,5226,'in.cursus.et@senectus.org','1699090599699','desserts','Brendan');
INSERT INTO Users (UserID,Adminboolean,banned,credit,email,imagefile,password,username) VALUES (41,0,0,8667,'lorem@dolordapibusgravida.co.uk','1675071895299','pasta','Cruz');
INSERT INTO Users (UserID,Adminboolean,banned,credit,email,imagefile,password,username) VALUES (42,0,0,5963,'ipsum.dolor.sit@InloremDonec.ca','1648072845999','pasta','Charles');
INSERT INTO Users (UserID,Adminboolean,banned,credit,email,imagefile,password,username) VALUES (43,0,0,4203,'ultrices.mauris@fringillaornare.edu','1675032911899','pies','Amir');
INSERT INTO Users (UserID,Adminboolean,banned,credit,email,imagefile,password,username) VALUES (44,0,0,5737,'primis@tinciduntvehicula.com','1629020110899','desserts','Raymond');
INSERT INTO Users (UserID,Adminboolean,banned,credit,email,imagefile,password,username) VALUES (45,0,0,7385,'neque.tellus.imperdiet@loremDonec.edu','1634092950299','stews','Griffith');
INSERT INTO Users (UserID,Adminboolean,banned,credit,email,imagefile,password,username) VALUES (46,0,0,3046,'commodo.hendrerit@velmauris.org','1699102303599','stews','Edan');
INSERT INTO Users (UserID,Adminboolean,banned,credit,email,imagefile,password,username) VALUES (47,0,0,2602,'magna.Nam.ligula@etcommodoat.org','1630112151399','stews','Walker');
INSERT INTO Users (UserID,Adminboolean,banned,credit,email,imagefile,password,username) VALUES (48,0,0,3783,'in@enimEtiam.co.uk','1696020714599','pasta','Linus');
INSERT INTO Users (UserID,Adminboolean,banned,credit,email,imagefile,password,username) VALUES (49,0,0,4193,'at.lacus@insodaleselit.ca','1638041745099','noodles','Rigel');
INSERT INTO Users (UserID,Adminboolean,banned,credit,email,imagefile,password,username) VALUES (50,0,0,4323,'arcu.Morbi@pedenonummyut.ca','1636022752999','seafood','Warren');
INSERT INTO Users (UserID,Adminboolean,banned,credit,email,imagefile,password,username) VALUES (51,0,0,8157,'euismod.ac.fermentum@Infaucibus.edu','1637092131299','salads','Herman');
INSERT INTO Users (UserID,Adminboolean,banned,credit,email,imagefile,password,username) VALUES (52,0,0,6706,'dui.Cum@Donec.com','1639062208099','seafood','Caleb');
INSERT INTO Users (UserID,Adminboolean,banned,credit,email,imagefile,password,username) VALUES (53,0,0,2706,'vel@nisidictumaugue.ca','1625040953499','salads','Chaney');
INSERT INTO Users (UserID,Adminboolean,banned,credit,email,imagefile,password,username) VALUES (54,0,0,6707,'eros.nec@necquam.co.uk','1661061754599','sandwiches','Howard');
INSERT INTO Users (UserID,Adminboolean,banned,credit,email,imagefile,password,username) VALUES (55,0,0,3147,'interdum.libero@nec.com','1636030866599','sandwiches','David');
INSERT INTO Users (UserID,Adminboolean,banned,credit,email,imagefile,password,username) VALUES (56,0,0,2940,'dictum.cursus.Nunc@ipsumdolor.ca','1668042820899','desserts','Marshall');
INSERT INTO Users (UserID,Adminboolean,banned,credit,email,imagefile,password,username) VALUES (57,0,0,5707,'facilisis.lorem.tristique@congue.com','1654122332999','seafood','Colin');
INSERT INTO Users (UserID,Adminboolean,banned,credit,email,imagefile,password,username) VALUES (58,0,0,9912,'et.netus@lorem.edu','1614121744499','sandwiches','Dalton');
INSERT INTO Users (UserID,Adminboolean,banned,credit,email,imagefile,password,username) VALUES (59,0,0,9968,'magna.Phasellus.dolor@semper.com','1628100515999','pies','Dennis');
INSERT INTO Users (UserID,Adminboolean,banned,credit,email,imagefile,password,username) VALUES (60,0,0,2695,'blandit.enim.consequat@dolorsitamet.co.uk','1682121813599','stews','Denton');
INSERT INTO Users (UserID,Adminboolean,banned,credit,email,imagefile,password,username) VALUES (61,0,0,8207,'malesuada.augue@lorem.com','1615041293899','soups','Dustin');
INSERT INTO Users (UserID,Adminboolean,banned,credit,email,imagefile,password,username) VALUES (62,0,0,3225,'scelerisque@risus.com','1617042313799','sandwiches','Burke');
INSERT INTO Users (UserID,Adminboolean,banned,credit,email,imagefile,password,username) VALUES (63,0,0,2450,'ultricies@infaucibusorci.org','1646070506599','stews','Cadman');
INSERT INTO Users (UserID,Adminboolean,banned,credit,email,imagefile,password,username) VALUES (64,0,0,7999,'mauris@felis.org','1645090261999','pies','Isaac');
INSERT INTO Users (UserID,Adminboolean,banned,credit,email,imagefile,password,username) VALUES (65,0,0,6698,'ultrices.posuere.cubilia@elitafeugiat.ca','1679032853799','salads','Benjamin');
INSERT INTO Users (UserID,Adminboolean,banned,credit,email,imagefile,password,username) VALUES (66,0,0,2776,'est@vitaeodio.net','1690072001899','pasta','Elijah');
INSERT INTO Users (UserID,Adminboolean,banned,credit,email,imagefile,password,username) VALUES (67,0,0,5877,'sapien.Cras@dis.net','1673022466599','pasta','Rogan');
INSERT INTO Users (UserID,Adminboolean,banned,credit,email,imagefile,password,username) VALUES (68,0,0,8043,'et.nunc.Quisque@non.ca','1608051186999','seafood','Kyle');
INSERT INTO Users (UserID,Adminboolean,banned,credit,email,imagefile,password,username) VALUES (69,0,0,9770,'dui.Cum.sociis@ipsum.org','1646120867099','soups','Grady');
INSERT INTO Users (UserID,Adminboolean,banned,credit,email,imagefile,password,username) VALUES (70,0,0,8454,'a.aliquet.vel@sitametconsectetuer.net','1619081360899','seafood','Oliver');
INSERT INTO Users (UserID,Adminboolean,banned,credit,email,imagefile,password,username) VALUES (71,0,0,7564,'vel.est@Crasdictum.com','1623012964899','soups','Dean');
INSERT INTO Users (UserID,Adminboolean,banned,credit,email,imagefile,password,username) VALUES (72,0,0,4811,'vulputate.posuere.vulputate@aaliquet.org','1644052807699','pies','Barry');
INSERT INTO Users (UserID,Adminboolean,banned,credit,email,imagefile,password,username) VALUES (73,0,0,5209,'Morbi.sit.amet@massa.edu','1664091223299','pies','Mohammad');
INSERT INTO Users (UserID,Adminboolean,banned,credit,email,imagefile,password,username) VALUES (74,0,0,8706,'lacus@sagittislobortis.com','1665121778299','seafood','Uriah');
INSERT INTO Users (UserID,Adminboolean,banned,credit,email,imagefile,password,username) VALUES (75,0,0,7927,'non.nisi.Aenean@et.net','1696112097699','cereals','Dennis');
INSERT INTO Users (UserID,Adminboolean,banned,credit,email,imagefile,password,username) VALUES (76,0,0,2758,'ut.lacus@laciniaorciconsectetuer.net','1674122995599','seafood','Joseph');
INSERT INTO Users (UserID,Adminboolean,banned,credit,email,imagefile,password,username) VALUES (77,0,0,4553,'congue.In.scelerisque@dictumeu.ca','1619031172199','pies','Blake');
INSERT INTO Users (UserID,Adminboolean,banned,credit,email,imagefile,password,username) VALUES (78,0,0,8296,'magna.Lorem@euismodurna.ca','1614020384699','pasta','Noah');
INSERT INTO Users (UserID,Adminboolean,banned,credit,email,imagefile,password,username) VALUES (79,0,0,2703,'posuere@consequatlectussit.com','1623070325499','pasta','Jeremy');
INSERT INTO Users (UserID,Adminboolean,banned,credit,email,imagefile,password,username) VALUES (80,0,0,4937,'ac@gravida.co.uk','1606062969999','pies','Finn');
INSERT INTO Users (UserID,Adminboolean,banned,credit,email,imagefile,password,username) VALUES (81,0,0,8137,'semper.erat@vulputatelacus.org','1607110571899','soups','Yoshio');
INSERT INTO Users (UserID,Adminboolean,banned,credit,email,imagefile,password,username) VALUES (82,0,0,3987,'viverra.Donec.tempus@nulla.co.uk','1613100453299','noodles','Barrett');
INSERT INTO Users (UserID,Adminboolean,banned,credit,email,imagefile,password,username) VALUES (83,0,0,6475,'elit.Nulla.facilisi@ultricesposuere.com','1620061636399','soups','Peter');
INSERT INTO Users (UserID,Adminboolean,banned,credit,email,imagefile,password,username) VALUES (84,0,0,3846,'enim@mattisInteger.com','1693060331199','desserts','Keefe');
INSERT INTO Users (UserID,Adminboolean,banned,credit,email,imagefile,password,username) VALUES (85,0,0,9565,'Sed@mauris.net','1601021039299','noodles','Xanthus');
INSERT INTO Users (UserID,Adminboolean,banned,credit,email,imagefile,password,username) VALUES (86,0,0,3393,'nonummy.ultricies@facilisismagnatellus.net','1644102065299','pasta','Ivan');
INSERT INTO Users (UserID,Adminboolean,banned,credit,email,imagefile,password,username) VALUES (87,0,0,3699,'Cras@nunc.com','1645012637599','seafood','Shad');
INSERT INTO Users (UserID,Adminboolean,banned,credit,email,imagefile,password,username) VALUES (88,0,0,4416,'nibh.Donec@Fuscedolor.net','1673012241099','desserts','Ferdinand');
INSERT INTO Users (UserID,Adminboolean,banned,credit,email,imagefile,password,username) VALUES (89,0,0,5266,'orci.consectetuer.euismod@SeddictumProin.net','1658042691799','stews','Malik');
INSERT INTO Users (UserID,Adminboolean,banned,credit,email,imagefile,password,username) VALUES (90,0,0,9665,'pellentesque@nuncrisus.edu','1698102608499','sandwiches','Orlando');
INSERT INTO Users (UserID,Adminboolean,banned,credit,email,imagefile,password,username) VALUES (91,0,0,6888,'semper.dui.lectus@necenim.org','1696052482799','soups','Caesar');
INSERT INTO Users (UserID,Adminboolean,banned,credit,email,imagefile,password,username) VALUES (92,0,0,6992,'nisl.arcu.iaculis@Donecest.net','1641122498599','sandwiches','Lawrence');
INSERT INTO Users (UserID,Adminboolean,banned,credit,email,imagefile,password,username) VALUES (93,0,0,7745,'faucibus.orci.luctus@Morbi.edu','1661060568499','pasta','Lester');
INSERT INTO Users (UserID,Adminboolean,banned,credit,email,imagefile,password,username) VALUES (94,0,0,9201,'Cras.eu.tellus@scelerisqueloremipsum.ca','1627060212799','pies','Grant');
INSERT INTO Users (UserID,Adminboolean,banned,credit,email,imagefile,password,username) VALUES (95,0,0,9284,'Donec.egestas.Aliquam@ornaresagittisfelis.net','1627121116499','pasta','Forrest');
INSERT INTO Users (UserID,Adminboolean,banned,credit,email,imagefile,password,username) VALUES (96,0,0,5106,'risus@lacusAliquam.org','1650070809199','soups','Dustin');
INSERT INTO Users (UserID,Adminboolean,banned,credit,email,imagefile,password,username) VALUES (97,0,0,8423,'Quisque.purus.sapien@Suspendissenonleo.edu','1621011989299','salads','Coby');
INSERT INTO Users (UserID,Adminboolean,banned,credit,email,imagefile,password,username) VALUES (98,0,0,2896,'semper.tellus@sagittissemper.net','1620022615699','salads','Tad');
INSERT INTO Users (UserID,Adminboolean,banned,credit,email,imagefile,password,username) VALUES (99,0,0,4705,'eget.metus@eulacus.ca','1692113093899','cereals','Rogan');
INSERT INTO Users (UserID,Adminboolean,banned,credit,email,imagefile,password,username) VALUES (100,0,0,5068,'placerat@Mauris.ca','1680071861999','noodles','Aquila');

 INSERT INTO companies (companyid,bio,industry,Name) VALUES (1,'Lorem ipsum dolor sit amet, consectetur adipiscing elit, sed do eiusmod tempor incididunt ut labore et dolore magna aliqua. Ut enim ad minim veniam, quis nostrud exercitation ullamco laboris nisi ut aliquip ex ea commodo consequat. Duis aute irure dolor in reprehenderit in voluptate velit esse cillum dolore eu fugiat nulla pariatur. Excepteur sint occaecat cupidatat non proident, sunt in culpa qui officia deserunt mollit anim id est laborum.','Customer Relations','Metus Vitae PC');
INSERT INTO companies (companyid,bio,industry,Name) VALUES (2,'Lorem ipsum dolor sit amet, consectetur adipiscing elit, sed do eiusmod tempor incididunt ut labore et dolore magna aliqua. Ut enim ad minim veniam, quis nostrud exercitation ullamco laboris nisi ut aliquip ex ea commodo consequat. Duis aute irure dolor in reprehenderit in voluptate velit esse cillum dolore eu fugiat nulla pariatur. Excepteur sint occaecat cupidatat non proident, sunt in culpa qui officia deserunt mollit anim id est laborum.','Quality Assurance','Morbi Corporation');
INSERT INTO companies (companyid,bio,industry,Name) VALUES (3,'Lorem ipsum dolor sit amet, consectetur adipiscing elit, sed do eiusmod tempor incididunt ut labore et dolore magna aliqua. Ut enim ad minim veniam, quis nostrud exercitation ullamco laboris nisi ut aliquip ex ea commodo consequat. Duis aute irure dolor in reprehenderit in voluptate velit esse cillum dolore eu fugiat nulla pariatur. Excepteur sint occaecat cupidatat non proident, sunt in culpa qui officia deserunt mollit anim id est laborum.','Finances','Nonummy Fusce Fermentum Institute');
INSERT INTO companies (companyid,bio,industry,Name) VALUES (4,'Lorem ipsum dolor sit amet, consectetur adipiscing elit, sed do eiusmod tempor incididunt ut labore et dolore magna aliqua. Ut enim ad minim veniam, quis nostrud exercitation ullamco laboris nisi ut aliquip ex ea commodo consequat. Duis aute irure dolor in reprehenderit in voluptate velit esse cillum dolore eu fugiat nulla pariatur. Excepteur sint occaecat cupidatat non proident, sunt in culpa qui officia deserunt mollit anim id est laborum.','Quality Assurance','Tortor Dictum Eu Corp.');
INSERT INTO companies (companyid,bio,industry,Name) VALUES (5,'Lorem ipsum dolor sit amet, consectetur adipiscing elit, sed do eiusmod tempor incididunt ut labore et dolore magna aliqua. Ut enim ad minim veniam, quis nostrud exercitation ullamco laboris nisi ut aliquip ex ea commodo consequat. Duis aute irure dolor in reprehenderit in voluptate velit esse cillum dolore eu fugiat nulla pariatur. Excepteur sint occaecat cupidatat non proident, sunt in culpa qui officia deserunt mollit anim id est laborum.','Sales and Marketing','Feugiat Non Company');
INSERT INTO companies (companyid,bio,industry,Name) VALUES (6,'Lorem ipsum dolor sit amet, consectetur adipiscing elit, sed do eiusmod tempor incididunt ut labore et dolore magna aliqua. Ut enim ad minim veniam, quis nostrud exercitation ullamco laboris nisi ut aliquip ex ea commodo consequat. Duis aute irure dolor in reprehenderit in voluptate velit esse cillum dolore eu fugiat nulla pariatur. Excepteur sint occaecat cupidatat non proident, sunt in culpa qui officia deserunt mollit anim id est laborum.','Research and Development','Pretium LLP');
INSERT INTO companies (companyid,bio,industry,Name) VALUES (7,'Lorem ipsum dolor sit amet, consectetur adipiscing elit, sed do eiusmod tempor incididunt ut labore et dolore magna aliqua. Ut enim ad minim veniam, quis nostrud exercitation ullamco laboris nisi ut aliquip ex ea commodo consequat. Duis aute irure dolor in reprehenderit in voluptate velit esse cillum dolore eu fugiat nulla pariatur. Excepteur sint occaecat cupidatat non proident, sunt in culpa qui officia deserunt mollit anim id est laborum.','Customer Relations','Accumsan LLC');
INSERT INTO companies (companyid,bio,industry,Name) VALUES (8,'Lorem ipsum dolor sit amet, consectetur adipiscing elit, sed do eiusmod tempor incididunt ut labore et dolore magna aliqua. Ut enim ad minim veniam, quis nostrud exercitation ullamco laboris nisi ut aliquip ex ea commodo consequat. Duis aute irure dolor in reprehenderit in voluptate velit esse cillum dolore eu fugiat nulla pariatur. Excepteur sint occaecat cupidatat non proident, sunt in culpa qui officia deserunt mollit anim id est laborum.','Legal Department','Donec At Arcu LLC');
INSERT INTO companies (companyid,bio,industry,Name) VALUES (9,'Lorem ipsum dolor sit amet, consectetur adipiscing elit, sed do eiusmod tempor incididunt ut labore et dolore magna aliqua. Ut enim ad minim veniam, quis nostrud exercitation ullamco laboris nisi ut aliquip ex ea commodo consequat. Duis aute irure dolor in reprehenderit in voluptate velit esse cillum dolore eu fugiat nulla pariatur. Excepteur sint occaecat cupidatat non proident, sunt in culpa qui officia deserunt mollit anim id est laborum.','Public Relations','Nunc Ac Incorporated');
INSERT INTO companies (companyid,bio,industry,Name) VALUES (10,'Lorem ipsum dolor sit amet, consectetur adipiscing elit, sed do eiusmod tempor incididunt ut labore et dolore magna aliqua. Ut enim ad minim veniam, quis nostrud exercitation ullamco laboris nisi ut aliquip ex ea commodo consequat. Duis aute irure dolor in reprehenderit in voluptate velit esse cillum dolore eu fugiat nulla pariatur. Excepteur sint occaecat cupidatat non proident, sunt in culpa qui officia deserunt mollit anim id est laborum.','Public Relations','Odio Tristique Company');
INSERT INTO companies (companyid,bio,industry,Name) VALUES (11,'Lorem ipsum dolor sit amet, consectetur adipiscing elit, sed do eiusmod tempor incididunt ut labore et dolore magna aliqua. Ut enim ad minim veniam, quis nostrud exercitation ullamco laboris nisi ut aliquip ex ea commodo consequat. Duis aute irure dolor in reprehenderit in voluptate velit esse cillum dolore eu fugiat nulla pariatur. Excepteur sint occaecat cupidatat non proident, sunt in culpa qui officia deserunt mollit anim id est laborum.','Finances','Aenean Associates');
INSERT INTO companies (companyid,bio,industry,Name) VALUES (12,'Lorem ipsum dolor sit amet, consectetur adipiscing elit, sed do eiusmod tempor incididunt ut labore et dolore magna aliqua. Ut enim ad minim veniam, quis nostrud exercitation ullamco laboris nisi ut aliquip ex ea commodo consequat. Duis aute irure dolor in reprehenderit in voluptate velit esse cillum dolore eu fugiat nulla pariatur. Excepteur sint occaecat cupidatat non proident, sunt in culpa qui officia deserunt mollit anim id est laborum.','Research and Development','Velit Pellentesque Ultricies Corp.');
INSERT INTO companies (companyid,bio,industry,Name) VALUES (13,'Lorem ipsum dolor sit amet, consectetur adipiscing elit, sed do eiusmod tempor incididunt ut labore et dolore magna aliqua. Ut enim ad minim veniam, quis nostrud exercitation ullamco laboris nisi ut aliquip ex ea commodo consequat. Duis aute irure dolor in reprehenderit in voluptate velit esse cillum dolore eu fugiat nulla pariatur. Excepteur sint occaecat cupidatat non proident, sunt in culpa qui officia deserunt mollit anim id est laborum.','Accounting','Duis Consulting');
INSERT INTO companies (companyid,bio,industry,Name) VALUES (14,'Lorem ipsum dolor sit amet, consectetur adipiscing elit, sed do eiusmod tempor incididunt ut labore et dolore magna aliqua. Ut enim ad minim veniam, quis nostrud exercitation ullamco laboris nisi ut aliquip ex ea commodo consequat. Duis aute irure dolor in reprehenderit in voluptate velit esse cillum dolore eu fugiat nulla pariatur. Excepteur sint occaecat cupidatat non proident, sunt in culpa qui officia deserunt mollit anim id est laborum.','Asset Management','Gravida Company');
INSERT INTO companies (companyid,bio,industry,Name) VALUES (15,'Lorem ipsum dolor sit amet, consectetur adipiscing elit, sed do eiusmod tempor incididunt ut labore et dolore magna aliqua. Ut enim ad minim veniam, quis nostrud exercitation ullamco laboris nisi ut aliquip ex ea commodo consequat. Duis aute irure dolor in reprehenderit in voluptate velit esse cillum dolore eu fugiat nulla pariatur. Excepteur sint occaecat cupidatat non proident, sunt in culpa qui officia deserunt mollit anim id est laborum.','Legal Department','A Corp.');
INSERT INTO companies (companyid,bio,industry,Name) VALUES (16,'Lorem ipsum dolor sit amet, consectetur adipiscing elit, sed do eiusmod tempor incididunt ut labore et dolore magna aliqua. Ut enim ad minim veniam, quis nostrud exercitation ullamco laboris nisi ut aliquip ex ea commodo consequat. Duis aute irure dolor in reprehenderit in voluptate velit esse cillum dolore eu fugiat nulla pariatur. Excepteur sint occaecat cupidatat non proident, sunt in culpa qui officia deserunt mollit anim id est laborum.','Quality Assurance','Sem Inc.');
INSERT INTO companies (companyid,bio,industry,Name) VALUES (17,'Lorem ipsum dolor sit amet, consectetur adipiscing elit, sed do eiusmod tempor incididunt ut labore et dolore magna aliqua. Ut enim ad minim veniam, quis nostrud exercitation ullamco laboris nisi ut aliquip ex ea commodo consequat. Duis aute irure dolor in reprehenderit in voluptate velit esse cillum dolore eu fugiat nulla pariatur. Excepteur sint occaecat cupidatat non proident, sunt in culpa qui officia deserunt mollit anim id est laborum.','Research and Development','Eu Euismod Foundation');
INSERT INTO companies (companyid,bio,industry,Name) VALUES (18,'Lorem ipsum dolor sit amet, consectetur adipiscing elit, sed do eiusmod tempor incididunt ut labore et dolore magna aliqua. Ut enim ad minim veniam, quis nostrud exercitation ullamco laboris nisi ut aliquip ex ea commodo consequat. Duis aute irure dolor in reprehenderit in voluptate velit esse cillum dolore eu fugiat nulla pariatur. Excepteur sint occaecat cupidatat non proident, sunt in culpa qui officia deserunt mollit anim id est laborum.','Advertising','Libero Proin PC');
INSERT INTO companies (companyid,bio,industry,Name) VALUES (19,'Lorem ipsum dolor sit amet, consectetur adipiscing elit, sed do eiusmod tempor incididunt ut labore et dolore magna aliqua. Ut enim ad minim veniam, quis nostrud exercitation ullamco laboris nisi ut aliquip ex ea commodo consequat. Duis aute irure dolor in reprehenderit in voluptate velit esse cillum dolore eu fugiat nulla pariatur. Excepteur sint occaecat cupidatat non proident, sunt in culpa qui officia deserunt mollit anim id est laborum.','Quality Assurance','Enim Suspendisse Limited');
INSERT INTO companies (companyid,bio,industry,Name) VALUES (20,'Lorem ipsum dolor sit amet, consectetur adipiscing elit, sed do eiusmod tempor incididunt ut labore et dolore magna aliqua. Ut enim ad minim veniam, quis nostrud exercitation ullamco laboris nisi ut aliquip ex ea commodo consequat. Duis aute irure dolor in reprehenderit in voluptate velit esse cillum dolore eu fugiat nulla pariatur. Excepteur sint occaecat cupidatat non proident, sunt in culpa qui officia deserunt mollit anim id est laborum.','Finances','Blandit PC');
INSERT INTO companies (companyid,bio,industry,Name) VALUES (21,'Lorem ipsum dolor sit amet, consectetur adipiscing elit, sed do eiusmod tempor incididunt ut labore et dolore magna aliqua. Ut enim ad minim veniam, quis nostrud exercitation ullamco laboris nisi ut aliquip ex ea commodo consequat. Duis aute irure dolor in reprehenderit in voluptate velit esse cillum dolore eu fugiat nulla pariatur. Excepteur sint occaecat cupidatat non proident, sunt in culpa qui officia deserunt mollit anim id est laborum.','Asset Management','Feugiat LLP');
INSERT INTO companies (companyid,bio,industry,Name) VALUES (22,'Lorem ipsum dolor sit amet, consectetur adipiscing elit, sed do eiusmod tempor incididunt ut labore et dolore magna aliqua. Ut enim ad minim veniam, quis nostrud exercitation ullamco laboris nisi ut aliquip ex ea commodo consequat. Duis aute irure dolor in reprehenderit in voluptate velit esse cillum dolore eu fugiat nulla pariatur. Excepteur sint occaecat cupidatat non proident, sunt in culpa qui officia deserunt mollit anim id est laborum.','Asset Management','Nunc Limited');
INSERT INTO companies (companyid,bio,industry,Name) VALUES (23,'Lorem ipsum dolor sit amet, consectetur adipiscing elit, sed do eiusmod tempor incididunt ut labore et dolore magna aliqua. Ut enim ad minim veniam, quis nostrud exercitation ullamco laboris nisi ut aliquip ex ea commodo consequat. Duis aute irure dolor in reprehenderit in voluptate velit esse cillum dolore eu fugiat nulla pariatur. Excepteur sint occaecat cupidatat non proident, sunt in culpa qui officia deserunt mollit anim id est laborum.','Tech Support','Ac Orci Ut Ltd');
INSERT INTO companies (companyid,bio,industry,Name) VALUES (24,'Lorem ipsum dolor sit amet, consectetur adipiscing elit, sed do eiusmod tempor incididunt ut labore et dolore magna aliqua. Ut enim ad minim veniam, quis nostrud exercitation ullamco laboris nisi ut aliquip ex ea commodo consequat. Duis aute irure dolor in reprehenderit in voluptate velit esse cillum dolore eu fugiat nulla pariatur. Excepteur sint occaecat cupidatat non proident, sunt in culpa qui officia deserunt mollit anim id est laborum.','Payroll','A Tortor Nunc Corporation');
INSERT INTO companies (companyid,bio,industry,Name) VALUES (25,'Lorem ipsum dolor sit amet, consectetur adipiscing elit, sed do eiusmod tempor incididunt ut labore et dolore magna aliqua. Ut enim ad minim veniam, quis nostrud exercitation ullamco laboris nisi ut aliquip ex ea commodo consequat. Duis aute irure dolor in reprehenderit in voluptate velit esse cillum dolore eu fugiat nulla pariatur. Excepteur sint occaecat cupidatat non proident, sunt in culpa qui officia deserunt mollit anim id est laborum.','Accounting','Quam Elementum Consulting');
INSERT INTO companies (companyid,bio,industry,Name) VALUES (26,'Lorem ipsum dolor sit amet, consectetur adipiscing elit, sed do eiusmod tempor incididunt ut labore et dolore magna aliqua. Ut enim ad minim veniam, quis nostrud exercitation ullamco laboris nisi ut aliquip ex ea commodo consequat. Duis aute irure dolor in reprehenderit in voluptate velit esse cillum dolore eu fugiat nulla pariatur. Excepteur sint occaecat cupidatat non proident, sunt in culpa qui officia deserunt mollit anim id est laborum.','Quality Assurance','Metus LLP');
INSERT INTO companies (companyid,bio,industry,Name) VALUES (27,'Lorem ipsum dolor sit amet, consectetur adipiscing elit, sed do eiusmod tempor incididunt ut labore et dolore magna aliqua. Ut enim ad minim veniam, quis nostrud exercitation ullamco laboris nisi ut aliquip ex ea commodo consequat. Duis aute irure dolor in reprehenderit in voluptate velit esse cillum dolore eu fugiat nulla pariatur. Excepteur sint occaecat cupidatat non proident, sunt in culpa qui officia deserunt mollit anim id est laborum.','Media Relations','Nam Tempor Diam LLP');
INSERT INTO companies (companyid,bio,industry,Name) VALUES (28,'Lorem ipsum dolor sit amet, consectetur adipiscing elit, sed do eiusmod tempor incididunt ut labore et dolore magna aliqua. Ut enim ad minim veniam, quis nostrud exercitation ullamco laboris nisi ut aliquip ex ea commodo consequat. Duis aute irure dolor in reprehenderit in voluptate velit esse cillum dolore eu fugiat nulla pariatur. Excepteur sint occaecat cupidatat non proident, sunt in culpa qui officia deserunt mollit anim id est laborum.','Payroll','Ac Turpis Industries');
INSERT INTO companies (companyid,bio,industry,Name) VALUES (29,'Lorem ipsum dolor sit amet, consectetur adipiscing elit, sed do eiusmod tempor incididunt ut labore et dolore magna aliqua. Ut enim ad minim veniam, quis nostrud exercitation ullamco laboris nisi ut aliquip ex ea commodo consequat. Duis aute irure dolor in reprehenderit in voluptate velit esse cillum dolore eu fugiat nulla pariatur. Excepteur sint occaecat cupidatat non proident, sunt in culpa qui officia deserunt mollit anim id est laborum.','Asset Management','Mollis Dui In Incorporated');
INSERT INTO companies (companyid,bio,industry,Name) VALUES (30,'Lorem ipsum dolor sit amet, consectetur adipiscing elit, sed do eiusmod tempor incididunt ut labore et dolore magna aliqua. Ut enim ad minim veniam, quis nostrud exercitation ullamco laboris nisi ut aliquip ex ea commodo consequat. Duis aute irure dolor in reprehenderit in voluptate velit esse cillum dolore eu fugiat nulla pariatur. Excepteur sint occaecat cupidatat non proident, sunt in culpa qui officia deserunt mollit anim id est laborum.','Payroll','Ac Arcu Nunc LLP');
INSERT INTO companies (companyid,bio,industry,Name) VALUES (31,'Lorem ipsum dolor sit amet, consectetur adipiscing elit, sed do eiusmod tempor incididunt ut labore et dolore magna aliqua. Ut enim ad minim veniam, quis nostrud exercitation ullamco laboris nisi ut aliquip ex ea commodo consequat. Duis aute irure dolor in reprehenderit in voluptate velit esse cillum dolore eu fugiat nulla pariatur. Excepteur sint occaecat cupidatat non proident, sunt in culpa qui officia deserunt mollit anim id est laborum.','Finances','Vitae Mauris Sit Industries');
INSERT INTO companies (companyid,bio,industry,Name) VALUES (32,'Lorem ipsum dolor sit amet, consectetur adipiscing elit, sed do eiusmod tempor incididunt ut labore et dolore magna aliqua. Ut enim ad minim veniam, quis nostrud exercitation ullamco laboris nisi ut aliquip ex ea commodo consequat. Duis aute irure dolor in reprehenderit in voluptate velit esse cillum dolore eu fugiat nulla pariatur. Excepteur sint occaecat cupidatat non proident, sunt in culpa qui officia deserunt mollit anim id est laborum.','Media Relations','Blandit Mattis Cras PC');
INSERT INTO companies (companyid,bio,industry,Name) VALUES (33,'Lorem ipsum dolor sit amet, consectetur adipiscing elit, sed do eiusmod tempor incididunt ut labore et dolore magna aliqua. Ut enim ad minim veniam, quis nostrud exercitation ullamco laboris nisi ut aliquip ex ea commodo consequat. Duis aute irure dolor in reprehenderit in voluptate velit esse cillum dolore eu fugiat nulla pariatur. Excepteur sint occaecat cupidatat non proident, sunt in culpa qui officia deserunt mollit anim id est laborum.','Sales and Marketing','Cubilia Curae; Institute');
INSERT INTO companies (companyid,bio,industry,Name) VALUES (34,'Lorem ipsum dolor sit amet, consectetur adipiscing elit, sed do eiusmod tempor incididunt ut labore et dolore magna aliqua. Ut enim ad minim veniam, quis nostrud exercitation ullamco laboris nisi ut aliquip ex ea commodo consequat. Duis aute irure dolor in reprehenderit in voluptate velit esse cillum dolore eu fugiat nulla pariatur. Excepteur sint occaecat cupidatat non proident, sunt in culpa qui officia deserunt mollit anim id est laborum.','Tech Support','Sed Limited');
INSERT INTO companies (companyid,bio,industry,Name) VALUES (35,'Lorem ipsum dolor sit amet, consectetur adipiscing elit, sed do eiusmod tempor incididunt ut labore et dolore magna aliqua. Ut enim ad minim veniam, quis nostrud exercitation ullamco laboris nisi ut aliquip ex ea commodo consequat. Duis aute irure dolor in reprehenderit in voluptate velit esse cillum dolore eu fugiat nulla pariatur. Excepteur sint occaecat cupidatat non proident, sunt in culpa qui officia deserunt mollit anim id est laborum.','Customer Service','A Aliquet Associates');
INSERT INTO companies (companyid,bio,industry,Name) VALUES (36,'Lorem ipsum dolor sit amet, consectetur adipiscing elit, sed do eiusmod tempor incididunt ut labore et dolore magna aliqua. Ut enim ad minim veniam, quis nostrud exercitation ullamco laboris nisi ut aliquip ex ea commodo consequat. Duis aute irure dolor in reprehenderit in voluptate velit esse cillum dolore eu fugiat nulla pariatur. Excepteur sint occaecat cupidatat non proident, sunt in culpa qui officia deserunt mollit anim id est laborum.','Advertising','Fringilla Cursus Foundation');
INSERT INTO companies (companyid,bio,industry,Name) VALUES (37,'Lorem ipsum dolor sit amet, consectetur adipiscing elit, sed do eiusmod tempor incididunt ut labore et dolore magna aliqua. Ut enim ad minim veniam, quis nostrud exercitation ullamco laboris nisi ut aliquip ex ea commodo consequat. Duis aute irure dolor in reprehenderit in voluptate velit esse cillum dolore eu fugiat nulla pariatur. Excepteur sint occaecat cupidatat non proident, sunt in culpa qui officia deserunt mollit anim id est laborum.','Accounting','Dolor Sit Amet Institute');
INSERT INTO companies (companyid,bio,industry,Name) VALUES (38,'Lorem ipsum dolor sit amet, consectetur adipiscing elit, sed do eiusmod tempor incididunt ut labore et dolore magna aliqua. Ut enim ad minim veniam, quis nostrud exercitation ullamco laboris nisi ut aliquip ex ea commodo consequat. Duis aute irure dolor in reprehenderit in voluptate velit esse cillum dolore eu fugiat nulla pariatur. Excepteur sint occaecat cupidatat non proident, sunt in culpa qui officia deserunt mollit anim id est laborum.','Customer Relations','In Foundation');
INSERT INTO companies (companyid,bio,industry,Name) VALUES (39,'Lorem ipsum dolor sit amet, consectetur adipiscing elit, sed do eiusmod tempor incididunt ut labore et dolore magna aliqua. Ut enim ad minim veniam, quis nostrud exercitation ullamco laboris nisi ut aliquip ex ea commodo consequat. Duis aute irure dolor in reprehenderit in voluptate velit esse cillum dolore eu fugiat nulla pariatur. Excepteur sint occaecat cupidatat non proident, sunt in culpa qui officia deserunt mollit anim id est laborum.','Finances','Ante Limited');
INSERT INTO companies (companyid,bio,industry,Name) VALUES (40,'Lorem ipsum dolor sit amet, consectetur adipiscing elit, sed do eiusmod tempor incididunt ut labore et dolore magna aliqua. Ut enim ad minim veniam, quis nostrud exercitation ullamco laboris nisi ut aliquip ex ea commodo consequat. Duis aute irure dolor in reprehenderit in voluptate velit esse cillum dolore eu fugiat nulla pariatur. Excepteur sint occaecat cupidatat non proident, sunt in culpa qui officia deserunt mollit anim id est laborum.','Public Relations','Donec Ltd');
INSERT INTO companies (companyid,bio,industry,Name) VALUES (41,'Lorem ipsum dolor sit amet, consectetur adipiscing elit, sed do eiusmod tempor incididunt ut labore et dolore magna aliqua. Ut enim ad minim veniam, quis nostrud exercitation ullamco laboris nisi ut aliquip ex ea commodo consequat. Duis aute irure dolor in reprehenderit in voluptate velit esse cillum dolore eu fugiat nulla pariatur. Excepteur sint occaecat cupidatat non proident, sunt in culpa qui officia deserunt mollit anim id est laborum.','Tech Support','Sed Nunc Est LLC');
INSERT INTO companies (companyid,bio,industry,Name) VALUES (42,'Lorem ipsum dolor sit amet, consectetur adipiscing elit, sed do eiusmod tempor incididunt ut labore et dolore magna aliqua. Ut enim ad minim veniam, quis nostrud exercitation ullamco laboris nisi ut aliquip ex ea commodo consequat. Duis aute irure dolor in reprehenderit in voluptate velit esse cillum dolore eu fugiat nulla pariatur. Excepteur sint occaecat cupidatat non proident, sunt in culpa qui officia deserunt mollit anim id est laborum.','Sales and Marketing','Diam Lorem Auctor Corporation');
INSERT INTO companies (companyid,bio,industry,Name) VALUES (43,'Lorem ipsum dolor sit amet, consectetur adipiscing elit, sed do eiusmod tempor incididunt ut labore et dolore magna aliqua. Ut enim ad minim veniam, quis nostrud exercitation ullamco laboris nisi ut aliquip ex ea commodo consequat. Duis aute irure dolor in reprehenderit in voluptate velit esse cillum dolore eu fugiat nulla pariatur. Excepteur sint occaecat cupidatat non proident, sunt in culpa qui officia deserunt mollit anim id est laborum.','Legal Department','A Aliquet Vel Inc.');
INSERT INTO companies (companyid,bio,industry,Name) VALUES (44,'Lorem ipsum dolor sit amet, consectetur adipiscing elit, sed do eiusmod tempor incididunt ut labore et dolore magna aliqua. Ut enim ad minim veniam, quis nostrud exercitation ullamco laboris nisi ut aliquip ex ea commodo consequat. Duis aute irure dolor in reprehenderit in voluptate velit esse cillum dolore eu fugiat nulla pariatur. Excepteur sint occaecat cupidatat non proident, sunt in culpa qui officia deserunt mollit anim id est laborum.','Media Relations','Eu Ltd');
INSERT INTO companies (companyid,bio,industry,Name) VALUES (45,'Lorem ipsum dolor sit amet, consectetur adipiscing elit, sed do eiusmod tempor incididunt ut labore et dolore magna aliqua. Ut enim ad minim veniam, quis nostrud exercitation ullamco laboris nisi ut aliquip ex ea commodo consequat. Duis aute irure dolor in reprehenderit in voluptate velit esse cillum dolore eu fugiat nulla pariatur. Excepteur sint occaecat cupidatat non proident, sunt in culpa qui officia deserunt mollit anim id est laborum.','Human Resources','Integer Tincidunt Inc.');
INSERT INTO companies (companyid,bio,industry,Name) VALUES (46,'Lorem ipsum dolor sit amet, consectetur adipiscing elit, sed do eiusmod tempor incididunt ut labore et dolore magna aliqua. Ut enim ad minim veniam, quis nostrud exercitation ullamco laboris nisi ut aliquip ex ea commodo consequat. Duis aute irure dolor in reprehenderit in voluptate velit esse cillum dolore eu fugiat nulla pariatur. Excepteur sint occaecat cupidatat non proident, sunt in culpa qui officia deserunt mollit anim id est laborum.','Sales and Marketing','In Corporation');
INSERT INTO companies (companyid,bio,industry,Name) VALUES (47,'Lorem ipsum dolor sit amet, consectetur adipiscing elit, sed do eiusmod tempor incididunt ut labore et dolore magna aliqua. Ut enim ad minim veniam, quis nostrud exercitation ullamco laboris nisi ut aliquip ex ea commodo consequat. Duis aute irure dolor in reprehenderit in voluptate velit esse cillum dolore eu fugiat nulla pariatur. Excepteur sint occaecat cupidatat non proident, sunt in culpa qui officia deserunt mollit anim id est laborum.','Public Relations','Etiam Vestibulum Corporation');
INSERT INTO companies (companyid,bio,industry,Name) VALUES (48,'Lorem ipsum dolor sit amet, consectetur adipiscing elit, sed do eiusmod tempor incididunt ut labore et dolore magna aliqua. Ut enim ad minim veniam, quis nostrud exercitation ullamco laboris nisi ut aliquip ex ea commodo consequat. Duis aute irure dolor in reprehenderit in voluptate velit esse cillum dolore eu fugiat nulla pariatur. Excepteur sint occaecat cupidatat non proident, sunt in culpa qui officia deserunt mollit anim id est laborum.','Advertising','Adipiscing Non Luctus Limited');
INSERT INTO companies (companyid,bio,industry,Name) VALUES (49,'Lorem ipsum dolor sit amet, consectetur adipiscing elit, sed do eiusmod tempor incididunt ut labore et dolore magna aliqua. Ut enim ad minim veniam, quis nostrud exercitation ullamco laboris nisi ut aliquip ex ea commodo consequat. Duis aute irure dolor in reprehenderit in voluptate velit esse cillum dolore eu fugiat nulla pariatur. Excepteur sint occaecat cupidatat non proident, sunt in culpa qui officia deserunt mollit anim id est laborum.','Customer Relations','Suspendisse Industries');
INSERT INTO companies (companyid,bio,industry,Name) VALUES (50,'Lorem ipsum dolor sit amet, consectetur adipiscing elit, sed do eiusmod tempor incididunt ut labore et dolore magna aliqua. Ut enim ad minim veniam, quis nostrud exercitation ullamco laboris nisi ut aliquip ex ea commodo consequat. Duis aute irure dolor in reprehenderit in voluptate velit esse cillum dolore eu fugiat nulla pariatur. Excepteur sint occaecat cupidatat non proident, sunt in culpa qui officia deserunt mollit anim id est laborum.','Research and Development','Cubilia Inc.');
INSERT INTO companies (companyid,bio,industry,Name) VALUES (51,'Lorem ipsum dolor sit amet, consectetur adipiscing elit, sed do eiusmod tempor incididunt ut labore et dolore magna aliqua. Ut enim ad minim veniam, quis nostrud exercitation ullamco laboris nisi ut aliquip ex ea commodo consequat. Duis aute irure dolor in reprehenderit in voluptate velit esse cillum dolore eu fugiat nulla pariatur. Excepteur sint occaecat cupidatat non proident, sunt in culpa qui officia deserunt mollit anim id est laborum.','Customer Relations','Congue Consulting');
INSERT INTO companies (companyid,bio,industry,Name) VALUES (52,'Lorem ipsum dolor sit amet, consectetur adipiscing elit, sed do eiusmod tempor incididunt ut labore et dolore magna aliqua. Ut enim ad minim veniam, quis nostrud exercitation ullamco laboris nisi ut aliquip ex ea commodo consequat. Duis aute irure dolor in reprehenderit in voluptate velit esse cillum dolore eu fugiat nulla pariatur. Excepteur sint occaecat cupidatat non proident, sunt in culpa qui officia deserunt mollit anim id est laborum.','Customer Service','Lorem Consulting');
INSERT INTO companies (companyid,bio,industry,Name) VALUES (53,'Lorem ipsum dolor sit amet, consectetur adipiscing elit, sed do eiusmod tempor incididunt ut labore et dolore magna aliqua. Ut enim ad minim veniam, quis nostrud exercitation ullamco laboris nisi ut aliquip ex ea commodo consequat. Duis aute irure dolor in reprehenderit in voluptate velit esse cillum dolore eu fugiat nulla pariatur. Excepteur sint occaecat cupidatat non proident, sunt in culpa qui officia deserunt mollit anim id est laborum.','Human Resources','Enim Associates');
INSERT INTO companies (companyid,bio,industry,Name) VALUES (54,'Lorem ipsum dolor sit amet, consectetur adipiscing elit, sed do eiusmod tempor incididunt ut labore et dolore magna aliqua. Ut enim ad minim veniam, quis nostrud exercitation ullamco laboris nisi ut aliquip ex ea commodo consequat. Duis aute irure dolor in reprehenderit in voluptate velit esse cillum dolore eu fugiat nulla pariatur. Excepteur sint occaecat cupidatat non proident, sunt in culpa qui officia deserunt mollit anim id est laborum.','Sales and Marketing','Nibh Company');
INSERT INTO companies (companyid,bio,industry,Name) VALUES (55,'Lorem ipsum dolor sit amet, consectetur adipiscing elit, sed do eiusmod tempor incididunt ut labore et dolore magna aliqua. Ut enim ad minim veniam, quis nostrud exercitation ullamco laboris nisi ut aliquip ex ea commodo consequat. Duis aute irure dolor in reprehenderit in voluptate velit esse cillum dolore eu fugiat nulla pariatur. Excepteur sint occaecat cupidatat non proident, sunt in culpa qui officia deserunt mollit anim id est laborum.','Human Resources','Cursus Integer Mollis Associates');
INSERT INTO companies (companyid,bio,industry,Name) VALUES (56,'Lorem ipsum dolor sit amet, consectetur adipiscing elit, sed do eiusmod tempor incididunt ut labore et dolore magna aliqua. Ut enim ad minim veniam, quis nostrud exercitation ullamco laboris nisi ut aliquip ex ea commodo consequat. Duis aute irure dolor in reprehenderit in voluptate velit esse cillum dolore eu fugiat nulla pariatur. Excepteur sint occaecat cupidatat non proident, sunt in culpa qui officia deserunt mollit anim id est laborum.','Accounting','Magna Company');
INSERT INTO companies (companyid,bio,industry,Name) VALUES (57,'Lorem ipsum dolor sit amet, consectetur adipiscing elit, sed do eiusmod tempor incididunt ut labore et dolore magna aliqua. Ut enim ad minim veniam, quis nostrud exercitation ullamco laboris nisi ut aliquip ex ea commodo consequat. Duis aute irure dolor in reprehenderit in voluptate velit esse cillum dolore eu fugiat nulla pariatur. Excepteur sint occaecat cupidatat non proident, sunt in culpa qui officia deserunt mollit anim id est laborum.','Quality Assurance','Diam Luctus Lobortis LLC');
INSERT INTO companies (companyid,bio,industry,Name) VALUES (58,'Lorem ipsum dolor sit amet, consectetur adipiscing elit, sed do eiusmod tempor incididunt ut labore et dolore magna aliqua. Ut enim ad minim veniam, quis nostrud exercitation ullamco laboris nisi ut aliquip ex ea commodo consequat. Duis aute irure dolor in reprehenderit in voluptate velit esse cillum dolore eu fugiat nulla pariatur. Excepteur sint occaecat cupidatat non proident, sunt in culpa qui officia deserunt mollit anim id est laborum.','Quality Assurance','Vel Turpis Ltd');
INSERT INTO companies (companyid,bio,industry,Name) VALUES (59,'Lorem ipsum dolor sit amet, consectetur adipiscing elit, sed do eiusmod tempor incididunt ut labore et dolore magna aliqua. Ut enim ad minim veniam, quis nostrud exercitation ullamco laboris nisi ut aliquip ex ea commodo consequat. Duis aute irure dolor in reprehenderit in voluptate velit esse cillum dolore eu fugiat nulla pariatur. Excepteur sint occaecat cupidatat non proident, sunt in culpa qui officia deserunt mollit anim id est laborum.','Tech Support','Nec Industries');
INSERT INTO companies (companyid,bio,industry,Name) VALUES (60,'Lorem ipsum dolor sit amet, consectetur adipiscing elit, sed do eiusmod tempor incididunt ut labore et dolore magna aliqua. Ut enim ad minim veniam, quis nostrud exercitation ullamco laboris nisi ut aliquip ex ea commodo consequat. Duis aute irure dolor in reprehenderit in voluptate velit esse cillum dolore eu fugiat nulla pariatur. Excepteur sint occaecat cupidatat non proident, sunt in culpa qui officia deserunt mollit anim id est laborum.','Sales and Marketing','Mollis Lectus Ltd');
INSERT INTO companies (companyid,bio,industry,Name) VALUES (61,'Lorem ipsum dolor sit amet, consectetur adipiscing elit, sed do eiusmod tempor incididunt ut labore et dolore magna aliqua. Ut enim ad minim veniam, quis nostrud exercitation ullamco laboris nisi ut aliquip ex ea commodo consequat. Duis aute irure dolor in reprehenderit in voluptate velit esse cillum dolore eu fugiat nulla pariatur. Excepteur sint occaecat cupidatat non proident, sunt in culpa qui officia deserunt mollit anim id est laborum.','Research and Development','Mattis Semper Dui Ltd');
INSERT INTO companies (companyid,bio,industry,Name) VALUES (62,'Lorem ipsum dolor sit amet, consectetur adipiscing elit, sed do eiusmod tempor incididunt ut labore et dolore magna aliqua. Ut enim ad minim veniam, quis nostrud exercitation ullamco laboris nisi ut aliquip ex ea commodo consequat. Duis aute irure dolor in reprehenderit in voluptate velit esse cillum dolore eu fugiat nulla pariatur. Excepteur sint occaecat cupidatat non proident, sunt in culpa qui officia deserunt mollit anim id est laborum.','Human Resources','Integer Vulputate Institute');
INSERT INTO companies (companyid,bio,industry,Name) VALUES (63,'Lorem ipsum dolor sit amet, consectetur adipiscing elit, sed do eiusmod tempor incididunt ut labore et dolore magna aliqua. Ut enim ad minim veniam, quis nostrud exercitation ullamco laboris nisi ut aliquip ex ea commodo consequat. Duis aute irure dolor in reprehenderit in voluptate velit esse cillum dolore eu fugiat nulla pariatur. Excepteur sint occaecat cupidatat non proident, sunt in culpa qui officia deserunt mollit anim id est laborum.','Human Resources','Ipsum Corp.');
INSERT INTO companies (companyid,bio,industry,Name) VALUES (64,'Lorem ipsum dolor sit amet, consectetur adipiscing elit, sed do eiusmod tempor incididunt ut labore et dolore magna aliqua. Ut enim ad minim veniam, quis nostrud exercitation ullamco laboris nisi ut aliquip ex ea commodo consequat. Duis aute irure dolor in reprehenderit in voluptate velit esse cillum dolore eu fugiat nulla pariatur. Excepteur sint occaecat cupidatat non proident, sunt in culpa qui officia deserunt mollit anim id est laborum.','Asset Management','Netus Et Foundation');
INSERT INTO companies (companyid,bio,industry,Name) VALUES (65,'Lorem ipsum dolor sit amet, consectetur adipiscing elit, sed do eiusmod tempor incididunt ut labore et dolore magna aliqua. Ut enim ad minim veniam, quis nostrud exercitation ullamco laboris nisi ut aliquip ex ea commodo consequat. Duis aute irure dolor in reprehenderit in voluptate velit esse cillum dolore eu fugiat nulla pariatur. Excepteur sint occaecat cupidatat non proident, sunt in culpa qui officia deserunt mollit anim id est laborum.','Advertising','Aenean Eget Magna Incorporated');
INSERT INTO companies (companyid,bio,industry,Name) VALUES (66,'Lorem ipsum dolor sit amet, consectetur adipiscing elit, sed do eiusmod tempor incididunt ut labore et dolore magna aliqua. Ut enim ad minim veniam, quis nostrud exercitation ullamco laboris nisi ut aliquip ex ea commodo consequat. Duis aute irure dolor in reprehenderit in voluptate velit esse cillum dolore eu fugiat nulla pariatur. Excepteur sint occaecat cupidatat non proident, sunt in culpa qui officia deserunt mollit anim id est laborum.','Sales and Marketing','Lacus Cras Interdum Corp.');
INSERT INTO companies (companyid,bio,industry,Name) VALUES (67,'Lorem ipsum dolor sit amet, consectetur adipiscing elit, sed do eiusmod tempor incididunt ut labore et dolore magna aliqua. Ut enim ad minim veniam, quis nostrud exercitation ullamco laboris nisi ut aliquip ex ea commodo consequat. Duis aute irure dolor in reprehenderit in voluptate velit esse cillum dolore eu fugiat nulla pariatur. Excepteur sint occaecat cupidatat non proident, sunt in culpa qui officia deserunt mollit anim id est laborum.','Tech Support','Mauris Company');
INSERT INTO companies (companyid,bio,industry,Name) VALUES (68,'Lorem ipsum dolor sit amet, consectetur adipiscing elit, sed do eiusmod tempor incididunt ut labore et dolore magna aliqua. Ut enim ad minim veniam, quis nostrud exercitation ullamco laboris nisi ut aliquip ex ea commodo consequat. Duis aute irure dolor in reprehenderit in voluptate velit esse cillum dolore eu fugiat nulla pariatur. Excepteur sint occaecat cupidatat non proident, sunt in culpa qui officia deserunt mollit anim id est laborum.','Human Resources','Ornare Sagittis Corporation');
INSERT INTO companies (companyid,bio,industry,Name) VALUES (69,'Lorem ipsum dolor sit amet, consectetur adipiscing elit, sed do eiusmod tempor incididunt ut labore et dolore magna aliqua. Ut enim ad minim veniam, quis nostrud exercitation ullamco laboris nisi ut aliquip ex ea commodo consequat. Duis aute irure dolor in reprehenderit in voluptate velit esse cillum dolore eu fugiat nulla pariatur. Excepteur sint occaecat cupidatat non proident, sunt in culpa qui officia deserunt mollit anim id est laborum.','Media Relations','Duis Cursus Diam LLP');
INSERT INTO companies (companyid,bio,industry,Name) VALUES (70,'Lorem ipsum dolor sit amet, consectetur adipiscing elit, sed do eiusmod tempor incididunt ut labore et dolore magna aliqua. Ut enim ad minim veniam, quis nostrud exercitation ullamco laboris nisi ut aliquip ex ea commodo consequat. Duis aute irure dolor in reprehenderit in voluptate velit esse cillum dolore eu fugiat nulla pariatur. Excepteur sint occaecat cupidatat non proident, sunt in culpa qui officia deserunt mollit anim id est laborum.','Public Relations','Posuere At PC');
INSERT INTO companies (companyid,bio,industry,Name) VALUES (71,'Lorem ipsum dolor sit amet, consectetur adipiscing elit, sed do eiusmod tempor incididunt ut labore et dolore magna aliqua. Ut enim ad minim veniam, quis nostrud exercitation ullamco laboris nisi ut aliquip ex ea commodo consequat. Duis aute irure dolor in reprehenderit in voluptate velit esse cillum dolore eu fugiat nulla pariatur. Excepteur sint occaecat cupidatat non proident, sunt in culpa qui officia deserunt mollit anim id est laborum.','Customer Service','Rutrum Non Hendrerit Associates');
INSERT INTO companies (companyid,bio,industry,Name) VALUES (72,'Lorem ipsum dolor sit amet, consectetur adipiscing elit, sed do eiusmod tempor incididunt ut labore et dolore magna aliqua. Ut enim ad minim veniam, quis nostrud exercitation ullamco laboris nisi ut aliquip ex ea commodo consequat. Duis aute irure dolor in reprehenderit in voluptate velit esse cillum dolore eu fugiat nulla pariatur. Excepteur sint occaecat cupidatat non proident, sunt in culpa qui officia deserunt mollit anim id est laborum.','Advertising','Ornare Consulting');
INSERT INTO companies (companyid,bio,industry,Name) VALUES (73,'Lorem ipsum dolor sit amet, consectetur adipiscing elit, sed do eiusmod tempor incididunt ut labore et dolore magna aliqua. Ut enim ad minim veniam, quis nostrud exercitation ullamco laboris nisi ut aliquip ex ea commodo consequat. Duis aute irure dolor in reprehenderit in voluptate velit esse cillum dolore eu fugiat nulla pariatur. Excepteur sint occaecat cupidatat non proident, sunt in culpa qui officia deserunt mollit anim id est laborum.','Quality Assurance','Purus Industries');
INSERT INTO companies (companyid,bio,industry,Name) VALUES (74,'Lorem ipsum dolor sit amet, consectetur adipiscing elit, sed do eiusmod tempor incididunt ut labore et dolore magna aliqua. Ut enim ad minim veniam, quis nostrud exercitation ullamco laboris nisi ut aliquip ex ea commodo consequat. Duis aute irure dolor in reprehenderit in voluptate velit esse cillum dolore eu fugiat nulla pariatur. Excepteur sint occaecat cupidatat non proident, sunt in culpa qui officia deserunt mollit anim id est laborum.','Asset Management','Pellentesque Massa Lobortis Corp.');
INSERT INTO companies (companyid,bio,industry,Name) VALUES (75,'Lorem ipsum dolor sit amet, consectetur adipiscing elit, sed do eiusmod tempor incididunt ut labore et dolore magna aliqua. Ut enim ad minim veniam, quis nostrud exercitation ullamco laboris nisi ut aliquip ex ea commodo consequat. Duis aute irure dolor in reprehenderit in voluptate velit esse cillum dolore eu fugiat nulla pariatur. Excepteur sint occaecat cupidatat non proident, sunt in culpa qui officia deserunt mollit anim id est laborum.','Media Relations','Nisi Magna Foundation');
INSERT INTO companies (companyid,bio,industry,Name) VALUES (76,'Lorem ipsum dolor sit amet, consectetur adipiscing elit, sed do eiusmod tempor incididunt ut labore et dolore magna aliqua. Ut enim ad minim veniam, quis nostrud exercitation ullamco laboris nisi ut aliquip ex ea commodo consequat. Duis aute irure dolor in reprehenderit in voluptate velit esse cillum dolore eu fugiat nulla pariatur. Excepteur sint occaecat cupidatat non proident, sunt in culpa qui officia deserunt mollit anim id est laborum.','Accounting','Consequat Dolor Institute');
INSERT INTO companies (companyid,bio,industry,Name) VALUES (77,'Lorem ipsum dolor sit amet, consectetur adipiscing elit, sed do eiusmod tempor incididunt ut labore et dolore magna aliqua. Ut enim ad minim veniam, quis nostrud exercitation ullamco laboris nisi ut aliquip ex ea commodo consequat. Duis aute irure dolor in reprehenderit in voluptate velit esse cillum dolore eu fugiat nulla pariatur. Excepteur sint occaecat cupidatat non proident, sunt in culpa qui officia deserunt mollit anim id est laborum.','Media Relations','Nisi Cum Sociis Institute');
INSERT INTO companies (companyid,bio,industry,Name) VALUES (78,'Lorem ipsum dolor sit amet, consectetur adipiscing elit, sed do eiusmod tempor incididunt ut labore et dolore magna aliqua. Ut enim ad minim veniam, quis nostrud exercitation ullamco laboris nisi ut aliquip ex ea commodo consequat. Duis aute irure dolor in reprehenderit in voluptate velit esse cillum dolore eu fugiat nulla pariatur. Excepteur sint occaecat cupidatat non proident, sunt in culpa qui officia deserunt mollit anim id est laborum.','Customer Service','Nunc Ac Sem Corp.');
INSERT INTO companies (companyid,bio,industry,Name) VALUES (79,'Lorem ipsum dolor sit amet, consectetur adipiscing elit, sed do eiusmod tempor incididunt ut labore et dolore magna aliqua. Ut enim ad minim veniam, quis nostrud exercitation ullamco laboris nisi ut aliquip ex ea commodo consequat. Duis aute irure dolor in reprehenderit in voluptate velit esse cillum dolore eu fugiat nulla pariatur. Excepteur sint occaecat cupidatat non proident, sunt in culpa qui officia deserunt mollit anim id est laborum.','Customer Service','Lectus Justo Eu LLC');
INSERT INTO companies (companyid,bio,industry,Name) VALUES (80,'Lorem ipsum dolor sit amet, consectetur adipiscing elit, sed do eiusmod tempor incididunt ut labore et dolore magna aliqua. Ut enim ad minim veniam, quis nostrud exercitation ullamco laboris nisi ut aliquip ex ea commodo consequat. Duis aute irure dolor in reprehenderit in voluptate velit esse cillum dolore eu fugiat nulla pariatur. Excepteur sint occaecat cupidatat non proident, sunt in culpa qui officia deserunt mollit anim id est laborum.','Legal Department','Nam Interdum Enim Company');
INSERT INTO companies (companyid,bio,industry,Name) VALUES (81,'Lorem ipsum dolor sit amet, consectetur adipiscing elit, sed do eiusmod tempor incididunt ut labore et dolore magna aliqua. Ut enim ad minim veniam, quis nostrud exercitation ullamco laboris nisi ut aliquip ex ea commodo consequat. Duis aute irure dolor in reprehenderit in voluptate velit esse cillum dolore eu fugiat nulla pariatur. Excepteur sint occaecat cupidatat non proident, sunt in culpa qui officia deserunt mollit anim id est laborum.','Asset Management','Gravida Incorporated');
INSERT INTO companies (companyid,bio,industry,Name) VALUES (82,'Lorem ipsum dolor sit amet, consectetur adipiscing elit, sed do eiusmod tempor incididunt ut labore et dolore magna aliqua. Ut enim ad minim veniam, quis nostrud exercitation ullamco laboris nisi ut aliquip ex ea commodo consequat. Duis aute irure dolor in reprehenderit in voluptate velit esse cillum dolore eu fugiat nulla pariatur. Excepteur sint occaecat cupidatat non proident, sunt in culpa qui officia deserunt mollit anim id est laborum.','Research and Development','Libero Et Tristique Foundation');
INSERT INTO companies (companyid,bio,industry,Name) VALUES (83,'Lorem ipsum dolor sit amet, consectetur adipiscing elit, sed do eiusmod tempor incididunt ut labore et dolore magna aliqua. Ut enim ad minim veniam, quis nostrud exercitation ullamco laboris nisi ut aliquip ex ea commodo consequat. Duis aute irure dolor in reprehenderit in voluptate velit esse cillum dolore eu fugiat nulla pariatur. Excepteur sint occaecat cupidatat non proident, sunt in culpa qui officia deserunt mollit anim id est laborum.','Sales and Marketing','Montes Nascetur Ridiculus Institute');
INSERT INTO companies (companyid,bio,industry,Name) VALUES (84,'Lorem ipsum dolor sit amet, consectetur adipiscing elit, sed do eiusmod tempor incididunt ut labore et dolore magna aliqua. Ut enim ad minim veniam, quis nostrud exercitation ullamco laboris nisi ut aliquip ex ea commodo consequat. Duis aute irure dolor in reprehenderit in voluptate velit esse cillum dolore eu fugiat nulla pariatur. Excepteur sint occaecat cupidatat non proident, sunt in culpa qui officia deserunt mollit anim id est laborum.','Public Relations','Integer LLP');
INSERT INTO companies (companyid,bio,industry,Name) VALUES (85,'Lorem ipsum dolor sit amet, consectetur adipiscing elit, sed do eiusmod tempor incididunt ut labore et dolore magna aliqua. Ut enim ad minim veniam, quis nostrud exercitation ullamco laboris nisi ut aliquip ex ea commodo consequat. Duis aute irure dolor in reprehenderit in voluptate velit esse cillum dolore eu fugiat nulla pariatur. Excepteur sint occaecat cupidatat non proident, sunt in culpa qui officia deserunt mollit anim id est laborum.','Research and Development','Enim Suspendisse Aliquet Institute');
INSERT INTO companies (companyid,bio,industry,Name) VALUES (86,'Lorem ipsum dolor sit amet, consectetur adipiscing elit, sed do eiusmod tempor incididunt ut labore et dolore magna aliqua. Ut enim ad minim veniam, quis nostrud exercitation ullamco laboris nisi ut aliquip ex ea commodo consequat. Duis aute irure dolor in reprehenderit in voluptate velit esse cillum dolore eu fugiat nulla pariatur. Excepteur sint occaecat cupidatat non proident, sunt in culpa qui officia deserunt mollit anim id est laborum.','Legal Department','Orci Donec Nibh PC');
INSERT INTO companies (companyid,bio,industry,Name) VALUES (87,'Lorem ipsum dolor sit amet, consectetur adipiscing elit, sed do eiusmod tempor incididunt ut labore et dolore magna aliqua. Ut enim ad minim veniam, quis nostrud exercitation ullamco laboris nisi ut aliquip ex ea commodo consequat. Duis aute irure dolor in reprehenderit in voluptate velit esse cillum dolore eu fugiat nulla pariatur. Excepteur sint occaecat cupidatat non proident, sunt in culpa qui officia deserunt mollit anim id est laborum.','Sales and Marketing','Eget Tincidunt Consulting');
INSERT INTO companies (companyid,bio,industry,Name) VALUES (88,'Lorem ipsum dolor sit amet, consectetur adipiscing elit, sed do eiusmod tempor incididunt ut labore et dolore magna aliqua. Ut enim ad minim veniam, quis nostrud exercitation ullamco laboris nisi ut aliquip ex ea commodo consequat. Duis aute irure dolor in reprehenderit in voluptate velit esse cillum dolore eu fugiat nulla pariatur. Excepteur sint occaecat cupidatat non proident, sunt in culpa qui officia deserunt mollit anim id est laborum.','Sales and Marketing','Malesuada Industries');
INSERT INTO companies (companyid,bio,industry,Name) VALUES (89,'Lorem ipsum dolor sit amet, consectetur adipiscing elit, sed do eiusmod tempor incididunt ut labore et dolore magna aliqua. Ut enim ad minim veniam, quis nostrud exercitation ullamco laboris nisi ut aliquip ex ea commodo consequat. Duis aute irure dolor in reprehenderit in voluptate velit esse cillum dolore eu fugiat nulla pariatur. Excepteur sint occaecat cupidatat non proident, sunt in culpa qui officia deserunt mollit anim id est laborum.','Research and Development','Nec Industries');
INSERT INTO companies (companyid,bio,industry,Name) VALUES (90,'Lorem ipsum dolor sit amet, consectetur adipiscing elit, sed do eiusmod tempor incididunt ut labore et dolore magna aliqua. Ut enim ad minim veniam, quis nostrud exercitation ullamco laboris nisi ut aliquip ex ea commodo consequat. Duis aute irure dolor in reprehenderit in voluptate velit esse cillum dolore eu fugiat nulla pariatur. Excepteur sint occaecat cupidatat non proident, sunt in culpa qui officia deserunt mollit anim id est laborum.','Research and Development','Arcu Imperdiet Institute');
INSERT INTO companies (companyid,bio,industry,Name) VALUES (91,'Lorem ipsum dolor sit amet, consectetur adipiscing elit, sed do eiusmod tempor incididunt ut labore et dolore magna aliqua. Ut enim ad minim veniam, quis nostrud exercitation ullamco laboris nisi ut aliquip ex ea commodo consequat. Duis aute irure dolor in reprehenderit in voluptate velit esse cillum dolore eu fugiat nulla pariatur. Excepteur sint occaecat cupidatat non proident, sunt in culpa qui officia deserunt mollit anim id est laborum.','Research and Development','Est Mauris Eu Associates');
INSERT INTO companies (companyid,bio,industry,Name) VALUES (92,'Lorem ipsum dolor sit amet, consectetur adipiscing elit, sed do eiusmod tempor incididunt ut labore et dolore magna aliqua. Ut enim ad minim veniam, quis nostrud exercitation ullamco laboris nisi ut aliquip ex ea commodo consequat. Duis aute irure dolor in reprehenderit in voluptate velit esse cillum dolore eu fugiat nulla pariatur. Excepteur sint occaecat cupidatat non proident, sunt in culpa qui officia deserunt mollit anim id est laborum.','Legal Department','Quam Elementum Ltd');
INSERT INTO companies (companyid,bio,industry,Name) VALUES (93,'Lorem ipsum dolor sit amet, consectetur adipiscing elit, sed do eiusmod tempor incididunt ut labore et dolore magna aliqua. Ut enim ad minim veniam, quis nostrud exercitation ullamco laboris nisi ut aliquip ex ea commodo consequat. Duis aute irure dolor in reprehenderit in voluptate velit esse cillum dolore eu fugiat nulla pariatur. Excepteur sint occaecat cupidatat non proident, sunt in culpa qui officia deserunt mollit anim id est laborum.','Legal Department','Suspendisse Eleifend Cras Consulting');
INSERT INTO companies (companyid,bio,industry,Name) VALUES (94,'Lorem ipsum dolor sit amet, consectetur adipiscing elit, sed do eiusmod tempor incididunt ut labore et dolore magna aliqua. Ut enim ad minim veniam, quis nostrud exercitation ullamco laboris nisi ut aliquip ex ea commodo consequat. Duis aute irure dolor in reprehenderit in voluptate velit esse cillum dolore eu fugiat nulla pariatur. Excepteur sint occaecat cupidatat non proident, sunt in culpa qui officia deserunt mollit anim id est laborum.','Asset Management','Quis Foundation');
INSERT INTO companies (companyid,bio,industry,Name) VALUES (95,'Lorem ipsum dolor sit amet, consectetur adipiscing elit, sed do eiusmod tempor incididunt ut labore et dolore magna aliqua. Ut enim ad minim veniam, quis nostrud exercitation ullamco laboris nisi ut aliquip ex ea commodo consequat. Duis aute irure dolor in reprehenderit in voluptate velit esse cillum dolore eu fugiat nulla pariatur. Excepteur sint occaecat cupidatat non proident, sunt in culpa qui officia deserunt mollit anim id est laborum.','Sales and Marketing','Duis A Mi Institute');
INSERT INTO companies (companyid,bio,industry,Name) VALUES (96,'Lorem ipsum dolor sit amet, consectetur adipiscing elit, sed do eiusmod tempor incididunt ut labore et dolore magna aliqua. Ut enim ad minim veniam, quis nostrud exercitation ullamco laboris nisi ut aliquip ex ea commodo consequat. Duis aute irure dolor in reprehenderit in voluptate velit esse cillum dolore eu fugiat nulla pariatur. Excepteur sint occaecat cupidatat non proident, sunt in culpa qui officia deserunt mollit anim id est laborum.','Payroll','Pellentesque Eget Dictum Corporation');
INSERT INTO companies (companyid,bio,industry,Name) VALUES (97,'Lorem ipsum dolor sit amet, consectetur adipiscing elit, sed do eiusmod tempor incididunt ut labore et dolore magna aliqua. Ut enim ad minim veniam, quis nostrud exercitation ullamco laboris nisi ut aliquip ex ea commodo consequat. Duis aute irure dolor in reprehenderit in voluptate velit esse cillum dolore eu fugiat nulla pariatur. Excepteur sint occaecat cupidatat non proident, sunt in culpa qui officia deserunt mollit anim id est laborum.','Media Relations','Non Ante Consulting');
INSERT INTO companies (companyid,bio,industry,Name) VALUES (98,'Lorem ipsum dolor sit amet, consectetur adipiscing elit, sed do eiusmod tempor incididunt ut labore et dolore magna aliqua. Ut enim ad minim veniam, quis nostrud exercitation ullamco laboris nisi ut aliquip ex ea commodo consequat. Duis aute irure dolor in reprehenderit in voluptate velit esse cillum dolore eu fugiat nulla pariatur. Excepteur sint occaecat cupidatat non proident, sunt in culpa qui officia deserunt mollit anim id est laborum.','Tech Support','Erat Etiam Company');
INSERT INTO companies (companyid,bio,industry,Name) VALUES (99,'Lorem ipsum dolor sit amet, consectetur adipiscing elit, sed do eiusmod tempor incididunt ut labore et dolore magna aliqua. Ut enim ad minim veniam, quis nostrud exercitation ullamco laboris nisi ut aliquip ex ea commodo consequat. Duis aute irure dolor in reprehenderit in voluptate velit esse cillum dolore eu fugiat nulla pariatur. Excepteur sint occaecat cupidatat non proident, sunt in culpa qui officia deserunt mollit anim id est laborum.','Customer Relations','Sed Limited');
INSERT INTO companies (companyid,bio,industry,Name) VALUES (100,'Lorem ipsum dolor sit amet, consectetur adipiscing elit, sed do eiusmod tempor incididunt ut labore et dolore magna aliqua. Ut enim ad minim veniam, quis nostrud exercitation ullamco laboris nisi ut aliquip ex ea commodo consequat. Duis aute irure dolor in reprehenderit in voluptate velit esse cillum dolore eu fugiat nulla pariatur. Excepteur sint occaecat cupidatat non proident, sunt in culpa qui officia deserunt mollit anim id est laborum.','Advertising','Dui LLP');


INSERT INTO shares (shareid,company_companyid) VALUES (1,91);
INSERT INTO shares (shareid,company_companyid) VALUES (2,3);
INSERT INTO shares (shareid,company_companyid) VALUES (3,15);
INSERT INTO shares (shareid,company_companyid) VALUES (4,71);
INSERT INTO shares (shareid,company_companyid) VALUES (5,28);
INSERT INTO shares (shareid,company_companyid) VALUES (6,91);
INSERT INTO shares (shareid,company_companyid) VALUES (7,31);
INSERT INTO shares (shareid,company_companyid) VALUES (8,78);
INSERT INTO shares (shareid,company_companyid) VALUES (9,38);
INSERT INTO shares (shareid,company_companyid) VALUES (10,27);
INSERT INTO shares (shareid,company_companyid) VALUES (11,69);
INSERT INTO shares (shareid,company_companyid) VALUES (12,39);
INSERT INTO shares (shareid,company_companyid) VALUES (13,93);
INSERT INTO shares (shareid,company_companyid) VALUES (14,46);
INSERT INTO shares (shareid,company_companyid) VALUES (15,66);
INSERT INTO shares (shareid,company_companyid) VALUES (16,49);
INSERT INTO shares (shareid,company_companyid) VALUES (17,79);
INSERT INTO shares (shareid,company_companyid) VALUES (18,46);
INSERT INTO shares (shareid,company_companyid) VALUES (19,13);
INSERT INTO shares (shareid,company_companyid) VALUES (20,22);
INSERT INTO shares (shareid,company_companyid) VALUES (21,5);
INSERT INTO shares (shareid,company_companyid) VALUES (22,79);
INSERT INTO shares (shareid,company_companyid) VALUES (23,87);
INSERT INTO shares (shareid,company_companyid) VALUES (24,13);
INSERT INTO shares (shareid,company_companyid) VALUES (25,35);
INSERT INTO shares (shareid,company_companyid) VALUES (26,45);
INSERT INTO shares (shareid,company_companyid) VALUES (27,7);
INSERT INTO shares (shareid,company_companyid) VALUES (28,51);
INSERT INTO shares (shareid,company_companyid) VALUES (29,70);
INSERT INTO shares (shareid,company_companyid) VALUES (30,93);
INSERT INTO shares (shareid,company_companyid) VALUES (31,61);
INSERT INTO shares (shareid,company_companyid) VALUES (32,8);
INSERT INTO shares (shareid,company_companyid) VALUES (33,84);
INSERT INTO shares (shareid,company_companyid) VALUES (34,60);
INSERT INTO shares (shareid,company_companyid) VALUES (35,34);
INSERT INTO shares (shareid,company_companyid) VALUES (36,13);
INSERT INTO shares (shareid,company_companyid) VALUES (37,47);
INSERT INTO shares (shareid,company_companyid) VALUES (38,92);
INSERT INTO shares (shareid,company_companyid) VALUES (39,45);
INSERT INTO shares (shareid,company_companyid) VALUES (40,89);
INSERT INTO shares (shareid,company_companyid) VALUES (41,27);
INSERT INTO shares (shareid,company_companyid) VALUES (42,95);
INSERT INTO shares (shareid,company_companyid) VALUES (43,57);
INSERT INTO shares (shareid,company_companyid) VALUES (44,5);
INSERT INTO shares (shareid,company_companyid) VALUES (45,12);
INSERT INTO shares (shareid,company_companyid) VALUES (46,29);
INSERT INTO shares (shareid,company_companyid) VALUES (47,74);
INSERT INTO shares (shareid,company_companyid) VALUES (48,80);
INSERT INTO shares (shareid,company_companyid) VALUES (49,46);
INSERT INTO shares (shareid,company_companyid) VALUES (50,92);
INSERT INTO shares (shareid,company_companyid) VALUES (51,44);
INSERT INTO shares (shareid,company_companyid) VALUES (52,25);
INSERT INTO shares (shareid,company_companyid) VALUES (53,51);
INSERT INTO shares (shareid,company_companyid) VALUES (54,50);
INSERT INTO shares (shareid,company_companyid) VALUES (55,40);
INSERT INTO shares (shareid,company_companyid) VALUES (56,82);
INSERT INTO shares (shareid,company_companyid) VALUES (57,91);
INSERT INTO shares (shareid,company_companyid) VALUES (58,52);
INSERT INTO shares (shareid,company_companyid) VALUES (59,49);
INSERT INTO shares (shareid,company_companyid) VALUES (60,59);
INSERT INTO shares (shareid,company_companyid) VALUES (61,83);
INSERT INTO shares (shareid,company_companyid) VALUES (62,19);
INSERT INTO shares (shareid,company_companyid) VALUES (63,29);
INSERT INTO shares (shareid,company_companyid) VALUES (64,90);
INSERT INTO shares (shareid,company_companyid) VALUES (65,37);
INSERT INTO shares (shareid,company_companyid) VALUES (66,15);
INSERT INTO shares (shareid,company_companyid) VALUES (67,7);
INSERT INTO shares (shareid,company_companyid) VALUES (68,39);
INSERT INTO shares (shareid,company_companyid) VALUES (69,45);
INSERT INTO shares (shareid,company_companyid) VALUES (70,48);
INSERT INTO shares (shareid,company_companyid) VALUES (71,67);
INSERT INTO shares (shareid,company_companyid) VALUES (72,53);
INSERT INTO shares (shareid,company_companyid) VALUES (73,11);
INSERT INTO shares (shareid,company_companyid) VALUES (74,56);
INSERT INTO shares (shareid,company_companyid) VALUES (75,21);
INSERT INTO shares (shareid,company_companyid) VALUES (76,97);
INSERT INTO shares (shareid,company_companyid) VALUES (77,79);
INSERT INTO shares (shareid,company_companyid) VALUES (78,90);
INSERT INTO shares (shareid,company_companyid) VALUES (79,50);
INSERT INTO shares (shareid,company_companyid) VALUES (80,72);
INSERT INTO shares (shareid,company_companyid) VALUES (81,49);
INSERT INTO shares (shareid,company_companyid) VALUES (82,59);
INSERT INTO shares (shareid,company_companyid) VALUES (83,13);
INSERT INTO shares (shareid,company_companyid) VALUES (84,68);
INSERT INTO shares (shareid,company_companyid) VALUES (85,45);
INSERT INTO shares (shareid,company_companyid) VALUES (86,22);
INSERT INTO shares (shareid,company_companyid) VALUES (87,28);
INSERT INTO shares (shareid,company_companyid) VALUES (88,77);
INSERT INTO shares (shareid,company_companyid) VALUES (89,14);
INSERT INTO shares (shareid,company_companyid) VALUES (90,40);
INSERT INTO shares (shareid,company_companyid) VALUES (91,89);
INSERT INTO shares (shareid,company_companyid) VALUES (92,19);
INSERT INTO shares (shareid,company_companyid) VALUES (93,42);
INSERT INTO shares (shareid,company_companyid) VALUES (94,41);
INSERT INTO shares (shareid,company_companyid) VALUES (95,78);
INSERT INTO shares (shareid,company_companyid) VALUES (96,69);
INSERT INTO shares (shareid,company_companyid) VALUES (97,56);
INSERT INTO shares (shareid,company_companyid) VALUES (98,5);
INSERT INTO shares (shareid,company_companyid) VALUES (99,24);
INSERT INTO shares (shareid,company_companyid) VALUES (100,71);

 INSERT INTO trades (tradeid,pricetotal,quantity,transactiontime,buyer_id,seller_id,share_shareid) VALUES (1,293,11,TO_DATE('2018-02-08 19:04:56', 'YYYY-MM-DD HH24:MI:SS'),46,27,19);
INSERT INTO trades (tradeid,pricetotal,quantity,transactiontime,buyer_id,seller_id,share_shareid) VALUES (2,223,33,TO_DATE('2017-06-30 23:21:49', 'YYYY-MM-DD HH24:MI:SS'),71,64,81);
INSERT INTO trades (tradeid,pricetotal,quantity,transactiontime,buyer_id,seller_id,share_shareid) VALUES (3,162,17,TO_DATE('2017-02-23 23:56:15', 'YYYY-MM-DD HH24:MI:SS'),6,55,90);
INSERT INTO trades (tradeid,pricetotal,quantity,transactiontime,buyer_id,seller_id,share_shareid) VALUES (4,312,31,TO_DATE('2018-02-20 04:53:26', 'YYYY-MM-DD HH24:MI:SS'),45,8,68);
INSERT INTO trades (tradeid,pricetotal,quantity,transactiontime,buyer_id,seller_id,share_shareid) VALUES (5,214,15,TO_DATE('2016-04-29 14:09:47', 'YYYY-MM-DD HH24:MI:SS'),88,2,28);
INSERT INTO trades (tradeid,pricetotal,quantity,transactiontime,buyer_id,seller_id,share_shareid) VALUES (6,266,48,TO_DATE('2018-02-21 20:28:24', 'YYYY-MM-DD HH24:MI:SS'),28,34,87);
INSERT INTO trades (tradeid,pricetotal,quantity,transactiontime,buyer_id,seller_id,share_shareid) VALUES (7,409,34,TO_DATE('2016-07-11 07:37:35', 'YYYY-MM-DD HH24:MI:SS'),86,54,95);
INSERT INTO trades (tradeid,pricetotal,quantity,transactiontime,buyer_id,seller_id,share_shareid) VALUES (8,177,39,TO_DATE('2017-12-26 14:55:49', 'YYYY-MM-DD HH24:MI:SS'),52,33,68);
INSERT INTO trades (tradeid,pricetotal,quantity,transactiontime,buyer_id,seller_id,share_shareid) VALUES (9,406,13,TO_DATE('2017-11-09 08:46:50', 'YYYY-MM-DD HH24:MI:SS'),54,86,81);
INSERT INTO trades (tradeid,pricetotal,quantity,transactiontime,buyer_id,seller_id,share_shareid) VALUES (10,291,46,TO_DATE('2016-03-20 19:26:17', 'YYYY-MM-DD HH24:MI:SS'),63,84,45);
INSERT INTO trades (tradeid,pricetotal,quantity,transactiontime,buyer_id,seller_id,share_shareid) VALUES (11,422,38,TO_DATE('2016-11-07 19:28:26', 'YYYY-MM-DD HH24:MI:SS'),81,67,19);
INSERT INTO trades (tradeid,pricetotal,quantity,transactiontime,buyer_id,seller_id,share_shareid) VALUES (12,322,46,TO_DATE('2017-07-15 21:13:51', 'YYYY-MM-DD HH24:MI:SS'),1,8,46);
INSERT INTO trades (tradeid,pricetotal,quantity,transactiontime,buyer_id,seller_id,share_shareid) VALUES (13,304,16,TO_DATE('2017-09-12 16:17:37', 'YYYY-MM-DD HH24:MI:SS'),57,13,47);
INSERT INTO trades (tradeid,pricetotal,quantity,transactiontime,buyer_id,seller_id,share_shareid) VALUES (14,356,11,TO_DATE('2016-04-21 02:46:35', 'YYYY-MM-DD HH24:MI:SS'),84,27,44);
INSERT INTO trades (tradeid,pricetotal,quantity,transactiontime,buyer_id,seller_id,share_shareid) VALUES (15,495,39,TO_DATE('2016-04-13 21:27:02', 'YYYY-MM-DD HH24:MI:SS'),55,30,99);
INSERT INTO trades (tradeid,pricetotal,quantity,transactiontime,buyer_id,seller_id,share_shareid) VALUES (16,316,30,TO_DATE('2017-07-06 06:16:14', 'YYYY-MM-DD HH24:MI:SS'),7,82,10);
INSERT INTO trades (tradeid,pricetotal,quantity,transactiontime,buyer_id,seller_id,share_shareid) VALUES (17,214,18,TO_DATE('2018-01-21 16:28:33', 'YYYY-MM-DD HH24:MI:SS'),51,44,96);
INSERT INTO trades (tradeid,pricetotal,quantity,transactiontime,buyer_id,seller_id,share_shareid) VALUES (18,208,42,TO_DATE('2016-08-12 18:24:55', 'YYYY-MM-DD HH24:MI:SS'),91,26,61);
INSERT INTO trades (tradeid,pricetotal,quantity,transactiontime,buyer_id,seller_id,share_shareid) VALUES (19,378,29,TO_DATE('2016-05-15 12:21:27', 'YYYY-MM-DD HH24:MI:SS'),91,26,80);
INSERT INTO trades (tradeid,pricetotal,quantity,transactiontime,buyer_id,seller_id,share_shareid) VALUES (20,248,24,TO_DATE('2017-03-25 13:39:49', 'YYYY-MM-DD HH24:MI:SS'),50,21,56);
INSERT INTO trades (tradeid,pricetotal,quantity,transactiontime,buyer_id,seller_id,share_shareid) VALUES (21,434,36,TO_DATE('2017-01-05 21:09:27', 'YYYY-MM-DD HH24:MI:SS'),73,45,54);
INSERT INTO trades (tradeid,pricetotal,quantity,transactiontime,buyer_id,seller_id,share_shareid) VALUES (22,167,48,TO_DATE('2016-06-15 11:11:22', 'YYYY-MM-DD HH24:MI:SS'),65,89,9);
INSERT INTO trades (tradeid,pricetotal,quantity,transactiontime,buyer_id,seller_id,share_shareid) VALUES (23,328,19,TO_DATE('2017-11-10 17:03:07', 'YYYY-MM-DD HH24:MI:SS'),56,92,7);
INSERT INTO trades (tradeid,pricetotal,quantity,transactiontime,buyer_id,seller_id,share_shareid) VALUES (24,457,39,TO_DATE('2016-07-19 06:33:44', 'YYYY-MM-DD HH24:MI:SS'),23,40,50);
INSERT INTO trades (tradeid,pricetotal,quantity,transactiontime,buyer_id,seller_id,share_shareid) VALUES (25,225,33,TO_DATE('2017-08-02 19:06:03', 'YYYY-MM-DD HH24:MI:SS'),19,95,83);
INSERT INTO trades (tradeid,pricetotal,quantity,transactiontime,buyer_id,seller_id,share_shareid) VALUES (26,173,32,TO_DATE('2017-08-29 18:39:19', 'YYYY-MM-DD HH24:MI:SS'),17,36,58);
INSERT INTO trades (tradeid,pricetotal,quantity,transactiontime,buyer_id,seller_id,share_shareid) VALUES (27,162,47,TO_DATE('2017-06-27 04:03:31', 'YYYY-MM-DD HH24:MI:SS'),71,90,50);
INSERT INTO trades (tradeid,pricetotal,quantity,transactiontime,buyer_id,seller_id,share_shareid) VALUES (28,107,22,TO_DATE('2017-11-28 23:29:59', 'YYYY-MM-DD HH24:MI:SS'),9,63,16);
INSERT INTO trades (tradeid,pricetotal,quantity,transactiontime,buyer_id,seller_id,share_shareid) VALUES (29,498,39,TO_DATE('2016-11-20 08:29:06', 'YYYY-MM-DD HH24:MI:SS'),88,56,26);
INSERT INTO trades (tradeid,pricetotal,quantity,transactiontime,buyer_id,seller_id,share_shareid) VALUES (30,225,23,TO_DATE('2018-01-28 19:43:33', 'YYYY-MM-DD HH24:MI:SS'),79,98,93);
INSERT INTO trades (tradeid,pricetotal,quantity,transactiontime,buyer_id,seller_id,share_shareid) VALUES (31,192,24,TO_DATE('2016-07-21 02:00:31', 'YYYY-MM-DD HH24:MI:SS'),39,90,44);
INSERT INTO trades (tradeid,pricetotal,quantity,transactiontime,buyer_id,seller_id,share_shareid) VALUES (32,217,40,TO_DATE('2016-05-06 14:21:15', 'YYYY-MM-DD HH24:MI:SS'),24,69,79);
INSERT INTO trades (tradeid,pricetotal,quantity,transactiontime,buyer_id,seller_id,share_shareid) VALUES (33,477,45,TO_DATE('2016-07-09 07:10:02', 'YYYY-MM-DD HH24:MI:SS'),7,57,2);
INSERT INTO trades (tradeid,pricetotal,quantity,transactiontime,buyer_id,seller_id,share_shareid) VALUES (34,103,45,TO_DATE('2017-12-01 13:31:52', 'YYYY-MM-DD HH24:MI:SS'),87,60,11);
INSERT INTO trades (tradeid,pricetotal,quantity,transactiontime,buyer_id,seller_id,share_shareid) VALUES (35,140,37,TO_DATE('2016-12-20 00:33:23', 'YYYY-MM-DD HH24:MI:SS'),33,12,63);
INSERT INTO trades (tradeid,pricetotal,quantity,transactiontime,buyer_id,seller_id,share_shareid) VALUES (36,138,35,TO_DATE('2017-09-21 06:05:26', 'YYYY-MM-DD HH24:MI:SS'),58,3,43);
INSERT INTO trades (tradeid,pricetotal,quantity,transactiontime,buyer_id,seller_id,share_shareid) VALUES (37,130,48,TO_DATE('2016-10-19 22:48:48', 'YYYY-MM-DD HH24:MI:SS'),23,64,55);
INSERT INTO trades (tradeid,pricetotal,quantity,transactiontime,buyer_id,seller_id,share_shareid) VALUES (38,113,50,TO_DATE('2016-05-21 03:39:47', 'YYYY-MM-DD HH24:MI:SS'),86,37,2);
INSERT INTO trades (tradeid,pricetotal,quantity,transactiontime,buyer_id,seller_id,share_shareid) VALUES (39,252,24,TO_DATE('2016-10-18 22:47:44', 'YYYY-MM-DD HH24:MI:SS'),42,44,88);
INSERT INTO trades (tradeid,pricetotal,quantity,transactiontime,buyer_id,seller_id,share_shareid) VALUES (40,445,44,TO_DATE('2016-11-25 18:28:43', 'YYYY-MM-DD HH24:MI:SS'),24,7,59);
INSERT INTO trades (tradeid,pricetotal,quantity,transactiontime,buyer_id,seller_id,share_shareid) VALUES (41,352,43,TO_DATE('2017-05-14 17:02:45', 'YYYY-MM-DD HH24:MI:SS'),81,87,73);
INSERT INTO trades (tradeid,pricetotal,quantity,transactiontime,buyer_id,seller_id,share_shareid) VALUES (42,138,46,TO_DATE('2016-03-18 04:32:05', 'YYYY-MM-DD HH24:MI:SS'),83,38,9);
INSERT INTO trades (tradeid,pricetotal,quantity,transactiontime,buyer_id,seller_id,share_shareid) VALUES (43,144,15,TO_DATE('2016-10-03 08:33:10', 'YYYY-MM-DD HH24:MI:SS'),87,82,26);
INSERT INTO trades (tradeid,pricetotal,quantity,transactiontime,buyer_id,seller_id,share_shareid) VALUES (44,386,19,TO_DATE('2016-10-28 04:57:25', 'YYYY-MM-DD HH24:MI:SS'),41,96,33);
INSERT INTO trades (tradeid,pricetotal,quantity,transactiontime,buyer_id,seller_id,share_shareid) VALUES (45,137,49,TO_DATE('2016-04-21 08:39:00', 'YYYY-MM-DD HH24:MI:SS'),67,1,90);
INSERT INTO trades (tradeid,pricetotal,quantity,transactiontime,buyer_id,seller_id,share_shareid) VALUES (46,138,48,TO_DATE('2018-03-05 15:50:44', 'YYYY-MM-DD HH24:MI:SS'),63,7,11);
INSERT INTO trades (tradeid,pricetotal,quantity,transactiontime,buyer_id,seller_id,share_shareid) VALUES (47,468,24,TO_DATE('2016-11-04 03:42:36', 'YYYY-MM-DD HH24:MI:SS'),89,59,70);
INSERT INTO trades (tradeid,pricetotal,quantity,transactiontime,buyer_id,seller_id,share_shareid) VALUES (48,448,31,TO_DATE('2016-11-27 13:09:42', 'YYYY-MM-DD HH24:MI:SS'),94,44,11);
INSERT INTO trades (tradeid,pricetotal,quantity,transactiontime,buyer_id,seller_id,share_shareid) VALUES (49,282,28,TO_DATE('2018-02-16 20:33:15', 'YYYY-MM-DD HH24:MI:SS'),75,27,56);
INSERT INTO trades (tradeid,pricetotal,quantity,transactiontime,buyer_id,seller_id,share_shareid) VALUES (50,248,42,TO_DATE('2017-11-18 03:33:48', 'YYYY-MM-DD HH24:MI:SS'),59,99,4);
INSERT INTO trades (tradeid,pricetotal,quantity,transactiontime,buyer_id,seller_id,share_shareid) VALUES (51,247,38,TO_DATE('2016-04-10 15:18:18', 'YYYY-MM-DD HH24:MI:SS'),10,66,41);
INSERT INTO trades (tradeid,pricetotal,quantity,transactiontime,buyer_id,seller_id,share_shareid) VALUES (52,166,16,TO_DATE('2016-05-26 21:09:39', 'YYYY-MM-DD HH24:MI:SS'),19,11,48);
INSERT INTO trades (tradeid,pricetotal,quantity,transactiontime,buyer_id,seller_id,share_shareid) VALUES (53,424,28,TO_DATE('2018-02-22 05:40:01', 'YYYY-MM-DD HH24:MI:SS'),28,76,82);
INSERT INTO trades (tradeid,pricetotal,quantity,transactiontime,buyer_id,seller_id,share_shareid) VALUES (54,286,19,TO_DATE('2016-09-23 18:57:35', 'YYYY-MM-DD HH24:MI:SS'),26,10,7);
INSERT INTO trades (tradeid,pricetotal,quantity,transactiontime,buyer_id,seller_id,share_shareid) VALUES (55,193,23,TO_DATE('2017-05-24 09:27:07', 'YYYY-MM-DD HH24:MI:SS'),45,71,51);
INSERT INTO trades (tradeid,pricetotal,quantity,transactiontime,buyer_id,seller_id,share_shareid) VALUES (56,447,18,TO_DATE('2016-12-12 07:44:50', 'YYYY-MM-DD HH24:MI:SS'),3,5,19);
INSERT INTO trades (tradeid,pricetotal,quantity,transactiontime,buyer_id,seller_id,share_shareid) VALUES (57,212,12,TO_DATE('2016-12-18 11:19:03', 'YYYY-MM-DD HH24:MI:SS'),58,92,73);
INSERT INTO trades (tradeid,pricetotal,quantity,transactiontime,buyer_id,seller_id,share_shareid) VALUES (58,370,24,TO_DATE('2016-12-16 01:39:04', 'YYYY-MM-DD HH24:MI:SS'),6,8,55);
INSERT INTO trades (tradeid,pricetotal,quantity,transactiontime,buyer_id,seller_id,share_shareid) VALUES (59,396,27,TO_DATE('2016-10-21 13:36:45', 'YYYY-MM-DD HH24:MI:SS'),95,39,43);
INSERT INTO trades (tradeid,pricetotal,quantity,transactiontime,buyer_id,seller_id,share_shareid) VALUES (60,258,31,TO_DATE('2017-02-17 20:47:34', 'YYYY-MM-DD HH24:MI:SS'),3,96,1);
INSERT INTO trades (tradeid,pricetotal,quantity,transactiontime,buyer_id,seller_id,share_shareid) VALUES (61,357,10,TO_DATE('2017-01-12 13:27:21', 'YYYY-MM-DD HH24:MI:SS'),86,68,20);
INSERT INTO trades (tradeid,pricetotal,quantity,transactiontime,buyer_id,seller_id,share_shareid) VALUES (62,221,37,TO_DATE('2017-09-12 10:11:47', 'YYYY-MM-DD HH24:MI:SS'),35,75,46);
INSERT INTO trades (tradeid,pricetotal,quantity,transactiontime,buyer_id,seller_id,share_shareid) VALUES (63,121,31,TO_DATE('2017-09-02 17:56:24', 'YYYY-MM-DD HH24:MI:SS'),62,28,30);
INSERT INTO trades (tradeid,pricetotal,quantity,transactiontime,buyer_id,seller_id,share_shareid) VALUES (64,152,41,TO_DATE('2017-11-09 02:04:37', 'YYYY-MM-DD HH24:MI:SS'),62,1,76);
INSERT INTO trades (tradeid,pricetotal,quantity,transactiontime,buyer_id,seller_id,share_shareid) VALUES (65,396,31,TO_DATE('2016-03-26 10:37:10', 'YYYY-MM-DD HH24:MI:SS'),1,16,86);
INSERT INTO trades (tradeid,pricetotal,quantity,transactiontime,buyer_id,seller_id,share_shareid) VALUES (66,258,45,TO_DATE('2018-02-25 14:19:51', 'YYYY-MM-DD HH24:MI:SS'),14,21,23);
INSERT INTO trades (tradeid,pricetotal,quantity,transactiontime,buyer_id,seller_id,share_shareid) VALUES (67,385,36,TO_DATE('2017-01-12 15:46:30', 'YYYY-MM-DD HH24:MI:SS'),58,98,14);
INSERT INTO trades (tradeid,pricetotal,quantity,transactiontime,buyer_id,seller_id,share_shareid) VALUES (68,421,15,TO_DATE('2016-11-20 12:33:57', 'YYYY-MM-DD HH24:MI:SS'),28,31,92);
INSERT INTO trades (tradeid,pricetotal,quantity,transactiontime,buyer_id,seller_id,share_shareid) VALUES (69,347,15,TO_DATE('2017-12-24 07:39:05', 'YYYY-MM-DD HH24:MI:SS'),72,73,21);
INSERT INTO trades (tradeid,pricetotal,quantity,transactiontime,buyer_id,seller_id,share_shareid) VALUES (70,256,13,TO_DATE('2017-10-24 09:23:00', 'YYYY-MM-DD HH24:MI:SS'),18,47,7);
INSERT INTO trades (tradeid,pricetotal,quantity,transactiontime,buyer_id,seller_id,share_shareid) VALUES (71,409,35,TO_DATE('2016-08-15 17:09:34', 'YYYY-MM-DD HH24:MI:SS'),43,7,45);
INSERT INTO trades (tradeid,pricetotal,quantity,transactiontime,buyer_id,seller_id,share_shareid) VALUES (72,303,22,TO_DATE('2016-10-29 05:46:17', 'YYYY-MM-DD HH24:MI:SS'),4,82,15);
INSERT INTO trades (tradeid,pricetotal,quantity,transactiontime,buyer_id,seller_id,share_shareid) VALUES (73,107,20,TO_DATE('2016-08-15 16:05:24', 'YYYY-MM-DD HH24:MI:SS'),18,58,39);
INSERT INTO trades (tradeid,pricetotal,quantity,transactiontime,buyer_id,seller_id,share_shareid) VALUES (74,192,21,TO_DATE('2017-03-18 01:37:25', 'YYYY-MM-DD HH24:MI:SS'),44,13,83);
INSERT INTO trades (tradeid,pricetotal,quantity,transactiontime,buyer_id,seller_id,share_shareid) VALUES (75,422,29,TO_DATE('2016-11-03 21:07:24', 'YYYY-MM-DD HH24:MI:SS'),37,69,83);
INSERT INTO trades (tradeid,pricetotal,quantity,transactiontime,buyer_id,seller_id,share_shareid) VALUES (76,325,28,TO_DATE('2017-10-04 01:59:56', 'YYYY-MM-DD HH24:MI:SS'),54,70,100);
INSERT INTO trades (tradeid,pricetotal,quantity,transactiontime,buyer_id,seller_id,share_shareid) VALUES (77,121,49,TO_DATE('2018-02-05 17:10:20', 'YYYY-MM-DD HH24:MI:SS'),25,38,72);
INSERT INTO trades (tradeid,pricetotal,quantity,transactiontime,buyer_id,seller_id,share_shareid) VALUES (78,149,38,TO_DATE('2018-01-29 13:54:45', 'YYYY-MM-DD HH24:MI:SS'),87,63,3);
INSERT INTO trades (tradeid,pricetotal,quantity,transactiontime,buyer_id,seller_id,share_shareid) VALUES (79,412,28,TO_DATE('2018-01-26 01:57:10', 'YYYY-MM-DD HH24:MI:SS'),92,8,9);
INSERT INTO trades (tradeid,pricetotal,quantity,transactiontime,buyer_id,seller_id,share_shareid) VALUES (80,153,33,TO_DATE('2016-11-20 10:56:01', 'YYYY-MM-DD HH24:MI:SS'),68,80,57);
INSERT INTO trades (tradeid,pricetotal,quantity,transactiontime,buyer_id,seller_id,share_shareid) VALUES (81,491,37,TO_DATE('2018-03-04 12:05:28', 'YYYY-MM-DD HH24:MI:SS'),15,39,6);
INSERT INTO trades (tradeid,pricetotal,quantity,transactiontime,buyer_id,seller_id,share_shareid) VALUES (82,388,27,TO_DATE('2016-12-08 02:33:00', 'YYYY-MM-DD HH24:MI:SS'),61,57,28);
INSERT INTO trades (tradeid,pricetotal,quantity,transactiontime,buyer_id,seller_id,share_shareid) VALUES (83,422,23,TO_DATE('2017-03-29 21:11:31', 'YYYY-MM-DD HH24:MI:SS'),27,99,62);
INSERT INTO trades (tradeid,pricetotal,quantity,transactiontime,buyer_id,seller_id,share_shareid) VALUES (84,386,21,TO_DATE('2018-01-15 06:04:39', 'YYYY-MM-DD HH24:MI:SS'),66,80,94);
INSERT INTO trades (tradeid,pricetotal,quantity,transactiontime,buyer_id,seller_id,share_shareid) VALUES (85,127,17,TO_DATE('2017-08-27 17:06:29', 'YYYY-MM-DD HH24:MI:SS'),35,32,49);
INSERT INTO trades (tradeid,pricetotal,quantity,transactiontime,buyer_id,seller_id,share_shareid) VALUES (86,453,35,TO_DATE('2016-11-02 09:06:53', 'YYYY-MM-DD HH24:MI:SS'),10,29,79);
INSERT INTO trades (tradeid,pricetotal,quantity,transactiontime,buyer_id,seller_id,share_shareid) VALUES (87,168,35,TO_DATE('2016-08-28 14:21:20', 'YYYY-MM-DD HH24:MI:SS'),20,70,75);
INSERT INTO trades (tradeid,pricetotal,quantity,transactiontime,buyer_id,seller_id,share_shareid) VALUES (88,276,49,TO_DATE('2016-08-25 02:27:41', 'YYYY-MM-DD HH24:MI:SS'),62,3,39);
INSERT INTO trades (tradeid,pricetotal,quantity,transactiontime,buyer_id,seller_id,share_shareid) VALUES (89,495,42,TO_DATE('2017-12-23 20:30:50', 'YYYY-MM-DD HH24:MI:SS'),75,88,17);
INSERT INTO trades (tradeid,pricetotal,quantity,transactiontime,buyer_id,seller_id,share_shareid) VALUES (90,166,48,TO_DATE('2018-02-21 10:07:01', 'YYYY-MM-DD HH24:MI:SS'),50,77,51);
INSERT INTO trades (tradeid,pricetotal,quantity,transactiontime,buyer_id,seller_id,share_shareid) VALUES (91,375,33,TO_DATE('2016-12-01 09:46:58', 'YYYY-MM-DD HH24:MI:SS'),38,38,40);
INSERT INTO trades (tradeid,pricetotal,quantity,transactiontime,buyer_id,seller_id,share_shareid) VALUES (92,309,13,TO_DATE('2016-11-22 12:19:26', 'YYYY-MM-DD HH24:MI:SS'),21,57,55);
INSERT INTO trades (tradeid,pricetotal,quantity,transactiontime,buyer_id,seller_id,share_shareid) VALUES (93,247,29,TO_DATE('2017-01-04 17:57:00', 'YYYY-MM-DD HH24:MI:SS'),99,24,32);
INSERT INTO trades (tradeid,pricetotal,quantity,transactiontime,buyer_id,seller_id,share_shareid) VALUES (94,333,48,TO_DATE('2016-06-12 08:41:46', 'YYYY-MM-DD HH24:MI:SS'),47,20,42);
INSERT INTO trades (tradeid,pricetotal,quantity,transactiontime,buyer_id,seller_id,share_shareid) VALUES (95,154,26,TO_DATE('2016-09-02 12:44:35', 'YYYY-MM-DD HH24:MI:SS'),89,69,21);
INSERT INTO trades (tradeid,pricetotal,quantity,transactiontime,buyer_id,seller_id,share_shareid) VALUES (96,347,44,TO_DATE('2018-02-19 06:22:39', 'YYYY-MM-DD HH24:MI:SS'),19,25,81);
INSERT INTO trades (tradeid,pricetotal,quantity,transactiontime,buyer_id,seller_id,share_shareid) VALUES (97,444,44,TO_DATE('2017-09-25 01:13:15', 'YYYY-MM-DD HH24:MI:SS'),23,53,82);
INSERT INTO trades (tradeid,pricetotal,quantity,transactiontime,buyer_id,seller_id,share_shareid) VALUES (98,167,25,TO_DATE('2016-11-19 04:59:54', 'YYYY-MM-DD HH24:MI:SS'),96,94,81);
INSERT INTO trades (tradeid,pricetotal,quantity,transactiontime,buyer_id,seller_id,share_shareid) VALUES (99,495,40,TO_DATE('2016-11-06 05:39:33', 'YYYY-MM-DD HH24:MI:SS'),82,71,34);
INSERT INTO trades (tradeid,pricetotal,quantity,transactiontime,buyer_id,seller_id,share_shareid) VALUES (100,215,49,TO_DATE('2017-01-24 15:52:54', 'YYYY-MM-DD HH24:MI:SS'),90,25,43);


INSERT INTO ownedshares (ownedshareid,pricepershare,quantity,user_id,share_shareid) VALUES (1,1,24,91,99);
INSERT INTO ownedshares (ownedshareid,pricepershare,quantity,user_id,share_shareid) VALUES (2,20,23,61,74);
INSERT INTO ownedshares (ownedshareid,pricepershare,quantity,user_id,share_shareid) VALUES (3,30,45,84,6);
INSERT INTO ownedshares (ownedshareid,pricepershare,quantity,user_id,share_shareid) VALUES (4,27,46,47,96);
INSERT INTO ownedshares (ownedshareid,pricepershare,quantity,user_id,share_shareid) VALUES (5,25,47,42,95);
INSERT INTO ownedshares (ownedshareid,pricepershare,quantity,user_id,share_shareid) VALUES (6,29,16,33,44);
INSERT INTO ownedshares (ownedshareid,pricepershare,quantity,user_id,share_shareid) VALUES (7,24,49,72,8);
INSERT INTO ownedshares (ownedshareid,pricepershare,quantity,user_id,share_shareid) VALUES (8,1,27,62,21);
INSERT INTO ownedshares (ownedshareid,pricepershare,quantity,user_id,share_shareid) VALUES (9,1,21,71,29);
INSERT INTO ownedshares (ownedshareid,pricepershare,quantity,user_id,share_shareid) VALUES (10,21,36,56,34);
INSERT INTO ownedshares (ownedshareid,pricepershare,quantity,user_id,share_shareid) VALUES (11,14,29,34,98);
INSERT INTO ownedshares (ownedshareid,pricepershare,quantity,user_id,share_shareid) VALUES (12,25,19,84,48);
INSERT INTO ownedshares (ownedshareid,pricepershare,quantity,user_id,share_shareid) VALUES (13,6,10,80,72);
INSERT INTO ownedshares (ownedshareid,pricepershare,quantity,user_id,share_shareid) VALUES (14,27,16,73,57);
INSERT INTO ownedshares (ownedshareid,pricepershare,quantity,user_id,share_shareid) VALUES (15,25,26,70,27);
INSERT INTO ownedshares (ownedshareid,pricepershare,quantity,user_id,share_shareid) VALUES (16,8,4,45,10);
INSERT INTO ownedshares (ownedshareid,pricepershare,quantity,user_id,share_shareid) VALUES (17,7,12,66,9);
INSERT INTO ownedshares (ownedshareid,pricepershare,quantity,user_id,share_shareid) VALUES (18,20,18,5,72);
INSERT INTO ownedshares (ownedshareid,pricepershare,quantity,user_id,share_shareid) VALUES (19,11,45,25,23);
INSERT INTO ownedshares (ownedshareid,pricepershare,quantity,user_id,share_shareid) VALUES (20,9,31,77,5);
INSERT INTO ownedshares (ownedshareid,pricepershare,quantity,user_id,share_shareid) VALUES (21,20,26,51,79);
INSERT INTO ownedshares (ownedshareid,pricepershare,quantity,user_id,share_shareid) VALUES (22,19,23,41,33);
INSERT INTO ownedshares (ownedshareid,pricepershare,quantity,user_id,share_shareid) VALUES (23,3,35,5,88);
INSERT INTO ownedshares (ownedshareid,pricepershare,quantity,user_id,share_shareid) VALUES (24,21,48,23,46);
INSERT INTO ownedshares (ownedshareid,pricepershare,quantity,user_id,share_shareid) VALUES (25,2,31,66,1);
INSERT INTO ownedshares (ownedshareid,pricepershare,quantity,user_id,share_shareid) VALUES (26,13,37,84,31);
INSERT INTO ownedshares (ownedshareid,pricepershare,quantity,user_id,share_shareid) VALUES (27,22,17,72,64);
INSERT INTO ownedshares (ownedshareid,pricepershare,quantity,user_id,share_shareid) VALUES (28,22,22,72,69);
INSERT INTO ownedshares (ownedshareid,pricepershare,quantity,user_id,share_shareid) VALUES (29,5,9,74,18);
INSERT INTO ownedshares (ownedshareid,pricepershare,quantity,user_id,share_shareid) VALUES (30,16,17,15,42);
INSERT INTO ownedshares (ownedshareid,pricepershare,quantity,user_id,share_shareid) VALUES (31,5,3,55,79);
INSERT INTO ownedshares (ownedshareid,pricepershare,quantity,user_id,share_shareid) VALUES (32,17,37,17,43);
INSERT INTO ownedshares (ownedshareid,pricepershare,quantity,user_id,share_shareid) VALUES (33,17,48,48,61);
INSERT INTO ownedshares (ownedshareid,pricepershare,quantity,user_id,share_shareid) VALUES (34,19,6,66,41);
INSERT INTO ownedshares (ownedshareid,pricepershare,quantity,user_id,share_shareid) VALUES (35,16,47,37,57);
INSERT INTO ownedshares (ownedshareid,pricepershare,quantity,user_id,share_shareid) VALUES (36,6,31,100,8);
INSERT INTO ownedshares (ownedshareid,pricepershare,quantity,user_id,share_shareid) VALUES (37,25,44,10,96);
INSERT INTO ownedshares (ownedshareid,pricepershare,quantity,user_id,share_shareid) VALUES (38,29,21,21,52);
INSERT INTO ownedshares (ownedshareid,pricepershare,quantity,user_id,share_shareid) VALUES (39,27,23,23,100);
INSERT INTO ownedshares (ownedshareid,pricepershare,quantity,user_id,share_shareid) VALUES (40,18,37,92,25);
INSERT INTO ownedshares (ownedshareid,pricepershare,quantity,user_id,share_shareid) VALUES (41,8,3,22,14);
INSERT INTO ownedshares (ownedshareid,pricepershare,quantity,user_id,share_shareid) VALUES (42,26,43,33,34);
INSERT INTO ownedshares (ownedshareid,pricepershare,quantity,user_id,share_shareid) VALUES (43,23,10,11,40);
INSERT INTO ownedshares (ownedshareid,pricepershare,quantity,user_id,share_shareid) VALUES (44,26,29,5,97);
INSERT INTO ownedshares (ownedshareid,pricepershare,quantity,user_id,share_shareid) VALUES (45,1,47,33,35);
INSERT INTO ownedshares (ownedshareid,pricepershare,quantity,user_id,share_shareid) VALUES (46,16,20,55,71);
INSERT INTO ownedshares (ownedshareid,pricepershare,quantity,user_id,share_shareid) VALUES (47,7,37,81,5);
INSERT INTO ownedshares (ownedshareid,pricepershare,quantity,user_id,share_shareid) VALUES (48,22,11,71,93);
INSERT INTO ownedshares (ownedshareid,pricepershare,quantity,user_id,share_shareid) VALUES (49,27,32,5,83);
INSERT INTO ownedshares (ownedshareid,pricepershare,quantity,user_id,share_shareid) VALUES (50,16,25,42,33);
INSERT INTO ownedshares (ownedshareid,pricepershare,quantity,user_id,share_shareid) VALUES (51,13,47,34,93);
INSERT INTO ownedshares (ownedshareid,pricepershare,quantity,user_id,share_shareid) VALUES (52,9,14,39,63);
INSERT INTO ownedshares (ownedshareid,pricepershare,quantity,user_id,share_shareid) VALUES (53,29,31,48,33);
INSERT INTO ownedshares (ownedshareid,pricepershare,quantity,user_id,share_shareid) VALUES (54,6,9,44,4);
INSERT INTO ownedshares (ownedshareid,pricepershare,quantity,user_id,share_shareid) VALUES (55,14,25,12,32);
INSERT INTO ownedshares (ownedshareid,pricepershare,quantity,user_id,share_shareid) VALUES (56,25,33,29,46);
INSERT INTO ownedshares (ownedshareid,pricepershare,quantity,user_id,share_shareid) VALUES (57,6,31,17,5);
INSERT INTO ownedshares (ownedshareid,pricepershare,quantity,user_id,share_shareid) VALUES (58,11,12,40,50);
INSERT INTO ownedshares (ownedshareid,pricepershare,quantity,user_id,share_shareid) VALUES (59,8,38,84,15);
INSERT INTO ownedshares (ownedshareid,pricepershare,quantity,user_id,share_shareid) VALUES (60,23,30,35,48);
INSERT INTO ownedshares (ownedshareid,pricepershare,quantity,user_id,share_shareid) VALUES (61,26,41,16,59);
INSERT INTO ownedshares (ownedshareid,pricepershare,quantity,user_id,share_shareid) VALUES (62,16,34,78,58);
INSERT INTO ownedshares (ownedshareid,pricepershare,quantity,user_id,share_shareid) VALUES (63,24,3,6,27);
INSERT INTO ownedshares (ownedshareid,pricepershare,quantity,user_id,share_shareid) VALUES (64,4,17,9,17);
INSERT INTO ownedshares (ownedshareid,pricepershare,quantity,user_id,share_shareid) VALUES (65,26,29,83,70);
INSERT INTO ownedshares (ownedshareid,pricepershare,quantity,user_id,share_shareid) VALUES (66,14,34,12,20);
INSERT INTO ownedshares (ownedshareid,pricepershare,quantity,user_id,share_shareid) VALUES (67,27,1,44,60);
INSERT INTO ownedshares (ownedshareid,pricepershare,quantity,user_id,share_shareid) VALUES (68,20,29,92,1);
INSERT INTO ownedshares (ownedshareid,pricepershare,quantity,user_id,share_shareid) VALUES (69,19,24,98,30);
INSERT INTO ownedshares (ownedshareid,pricepershare,quantity,user_id,share_shareid) VALUES (70,6,17,60,44);
INSERT INTO ownedshares (ownedshareid,pricepershare,quantity,user_id,share_shareid) VALUES (71,9,8,89,12);
INSERT INTO ownedshares (ownedshareid,pricepershare,quantity,user_id,share_shareid) VALUES (72,1,32,35,96);
INSERT INTO ownedshares (ownedshareid,pricepershare,quantity,user_id,share_shareid) VALUES (73,2,34,16,41);
INSERT INTO ownedshares (ownedshareid,pricepershare,quantity,user_id,share_shareid) VALUES (74,19,15,30,97);
INSERT INTO ownedshares (ownedshareid,pricepershare,quantity,user_id,share_shareid) VALUES (75,24,29,73,53);
INSERT INTO ownedshares (ownedshareid,pricepershare,quantity,user_id,share_shareid) VALUES (76,4,22,22,57);
INSERT INTO ownedshares (ownedshareid,pricepershare,quantity,user_id,share_shareid) VALUES (77,25,23,85,50);
INSERT INTO ownedshares (ownedshareid,pricepershare,quantity,user_id,share_shareid) VALUES (78,7,1,35,21);
INSERT INTO ownedshares (ownedshareid,pricepershare,quantity,user_id,share_shareid) VALUES (79,19,24,72,71);
INSERT INTO ownedshares (ownedshareid,pricepershare,quantity,user_id,share_shareid) VALUES (80,8,45,90,61);
INSERT INTO ownedshares (ownedshareid,pricepershare,quantity,user_id,share_shareid) VALUES (81,27,4,59,75);
INSERT INTO ownedshares (ownedshareid,pricepershare,quantity,user_id,share_shareid) VALUES (82,15,50,18,59);
INSERT INTO ownedshares (ownedshareid,pricepershare,quantity,user_id,share_shareid) VALUES (83,21,19,26,59);
INSERT INTO ownedshares (ownedshareid,pricepershare,quantity,user_id,share_shareid) VALUES (84,6,42,87,15);
INSERT INTO ownedshares (ownedshareid,pricepershare,quantity,user_id,share_shareid) VALUES (85,14,20,3,100);
INSERT INTO ownedshares (ownedshareid,pricepershare,quantity,user_id,share_shareid) VALUES (86,23,2,1,70);
INSERT INTO ownedshares (ownedshareid,pricepershare,quantity,user_id,share_shareid) VALUES (87,7,28,99,58);
INSERT INTO ownedshares (ownedshareid,pricepershare,quantity,user_id,share_shareid) VALUES (88,23,28,86,38);
INSERT INTO ownedshares (ownedshareid,pricepershare,quantity,user_id,share_shareid) VALUES (89,27,33,34,78);
INSERT INTO ownedshares (ownedshareid,pricepershare,quantity,user_id,share_shareid) VALUES (90,20,37,2,75);
INSERT INTO ownedshares (ownedshareid,pricepershare,quantity,user_id,share_shareid) VALUES (91,12,48,45,74);
INSERT INTO ownedshares (ownedshareid,pricepershare,quantity,user_id,share_shareid) VALUES (92,20,31,49,44);
INSERT INTO ownedshares (ownedshareid,pricepershare,quantity,user_id,share_shareid) VALUES (93,27,12,99,7);
INSERT INTO ownedshares (ownedshareid,pricepershare,quantity,user_id,share_shareid) VALUES (94,24,3,36,4);
INSERT INTO ownedshares (ownedshareid,pricepershare,quantity,user_id,share_shareid) VALUES (95,25,27,98,45);
INSERT INTO ownedshares (ownedshareid,pricepershare,quantity,user_id,share_shareid) VALUES (96,1,8,68,82);
INSERT INTO ownedshares (ownedshareid,pricepershare,quantity,user_id,share_shareid) VALUES (97,12,34,76,73);
INSERT INTO ownedshares (ownedshareid,pricepershare,quantity,user_id,share_shareid) VALUES (98,22,30,79,19);
INSERT INTO ownedshares (ownedshareid,pricepershare,quantity,user_id,share_shareid) VALUES (99,13,5,7,1);
INSERT INTO ownedshares (ownedshareid,pricepershare,quantity,user_id,share_shareid) VALUES (100,16,37,47,5);


 INSERT INTO currenttrades (sharepriceid,amountbuying,amountselling,buyprice,sellprice,timeposted,Share_id,user_id) VALUES (1,11,34,72,79,TO_DATE('2017-06-22 15:16:01', 'YYYY-MM-DD HH24:MI:SS'),2,71);
INSERT INTO currenttrades (sharepriceid,amountbuying,amountselling,buyprice,sellprice,timeposted,Share_id,user_id) VALUES (2,139,55,68,76,TO_DATE('2017-01-24 20:54:22', 'YYYY-MM-DD HH24:MI:SS'),82,46);
INSERT INTO currenttrades (sharepriceid,amountbuying,amountselling,buyprice,sellprice,timeposted,Share_id,user_id) VALUES (3,95,43,57,50,TO_DATE('2016-12-03 08:00:34', 'YYYY-MM-DD HH24:MI:SS'),75,74);
INSERT INTO currenttrades (sharepriceid,amountbuying,amountselling,buyprice,sellprice,timeposted,Share_id,user_id) VALUES (4,149,239,79,63,TO_DATE('2016-07-20 21:49:40', 'YYYY-MM-DD HH24:MI:SS'),9,82);
INSERT INTO currenttrades (sharepriceid,amountbuying,amountselling,buyprice,sellprice,timeposted,Share_id,user_id) VALUES (5,145,168,97,89,TO_DATE('2018-01-06 23:13:41', 'YYYY-MM-DD HH24:MI:SS'),26,77);
INSERT INTO currenttrades (sharepriceid,amountbuying,amountselling,buyprice,sellprice,timeposted,Share_id,user_id) VALUES (6,147,225,53,53,TO_DATE('2016-07-12 19:43:25', 'YYYY-MM-DD HH24:MI:SS'),38,80);
INSERT INTO currenttrades (sharepriceid,amountbuying,amountselling,buyprice,sellprice,timeposted,Share_id,user_id) VALUES (7,242,209,51,74,TO_DATE('2016-10-22 09:50:03', 'YYYY-MM-DD HH24:MI:SS'),45,8);
INSERT INTO currenttrades (sharepriceid,amountbuying,amountselling,buyprice,sellprice,timeposted,Share_id,user_id) VALUES (8,44,198,82,88,TO_DATE('2017-12-30 07:41:16', 'YYYY-MM-DD HH24:MI:SS'),53,37);
INSERT INTO currenttrades (sharepriceid,amountbuying,amountselling,buyprice,sellprice,timeposted,Share_id,user_id) VALUES (9,13,237,77,65,TO_DATE('2016-11-15 22:57:44', 'YYYY-MM-DD HH24:MI:SS'),14,75);
INSERT INTO currenttrades (sharepriceid,amountbuying,amountselling,buyprice,sellprice,timeposted,Share_id,user_id) VALUES (10,38,172,65,65,TO_DATE('2016-05-31 18:21:17', 'YYYY-MM-DD HH24:MI:SS'),56,84);
INSERT INTO currenttrades (sharepriceid,amountbuying,amountselling,buyprice,sellprice,timeposted,Share_id,user_id) VALUES (11,104,233,86,82,TO_DATE('2018-01-27 21:22:23', 'YYYY-MM-DD HH24:MI:SS'),68,20);
INSERT INTO currenttrades (sharepriceid,amountbuying,amountselling,buyprice,sellprice,timeposted,Share_id,user_id) VALUES (12,230,153,71,76,TO_DATE('2016-11-25 14:43:23', 'YYYY-MM-DD HH24:MI:SS'),42,53);
INSERT INTO currenttrades (sharepriceid,amountbuying,amountselling,buyprice,sellprice,timeposted,Share_id,user_id) VALUES (13,122,62,79,98,TO_DATE('2017-06-16 09:49:53', 'YYYY-MM-DD HH24:MI:SS'),64,8);
INSERT INTO currenttrades (sharepriceid,amountbuying,amountselling,buyprice,sellprice,timeposted,Share_id,user_id) VALUES (14,16,133,58,84,TO_DATE('2016-12-05 02:15:14', 'YYYY-MM-DD HH24:MI:SS'),13,67);
INSERT INTO currenttrades (sharepriceid,amountbuying,amountselling,buyprice,sellprice,timeposted,Share_id,user_id) VALUES (15,167,92,64,72,TO_DATE('2017-09-15 04:38:42', 'YYYY-MM-DD HH24:MI:SS'),57,27);
INSERT INTO currenttrades (sharepriceid,amountbuying,amountselling,buyprice,sellprice,timeposted,Share_id,user_id) VALUES (16,143,153,94,89,TO_DATE('2016-12-15 11:58:28', 'YYYY-MM-DD HH24:MI:SS'),77,16);
INSERT INTO currenttrades (sharepriceid,amountbuying,amountselling,buyprice,sellprice,timeposted,Share_id,user_id) VALUES (17,87,64,95,89,TO_DATE('2017-03-05 17:07:59', 'YYYY-MM-DD HH24:MI:SS'),82,31);
INSERT INTO currenttrades (sharepriceid,amountbuying,amountselling,buyprice,sellprice,timeposted,Share_id,user_id) VALUES (18,19,16,78,58,TO_DATE('2018-02-14 16:34:10', 'YYYY-MM-DD HH24:MI:SS'),52,55);
INSERT INTO currenttrades (sharepriceid,amountbuying,amountselling,buyprice,sellprice,timeposted,Share_id,user_id) VALUES (19,245,180,55,72,TO_DATE('2018-01-28 13:15:24', 'YYYY-MM-DD HH24:MI:SS'),29,42);
INSERT INTO currenttrades (sharepriceid,amountbuying,amountselling,buyprice,sellprice,timeposted,Share_id,user_id) VALUES (20,12,107,72,95,TO_DATE('2018-03-07 13:37:57', 'YYYY-MM-DD HH24:MI:SS'),17,37);
INSERT INTO currenttrades (sharepriceid,amountbuying,amountselling,buyprice,sellprice,timeposted,Share_id,user_id) VALUES (21,214,81,96,67,TO_DATE('2017-05-01 13:46:53', 'YYYY-MM-DD HH24:MI:SS'),68,51);
INSERT INTO currenttrades (sharepriceid,amountbuying,amountselling,buyprice,sellprice,timeposted,Share_id,user_id) VALUES (22,120,184,51,69,TO_DATE('2018-02-03 08:04:59', 'YYYY-MM-DD HH24:MI:SS'),60,90);
INSERT INTO currenttrades (sharepriceid,amountbuying,amountselling,buyprice,sellprice,timeposted,Share_id,user_id) VALUES (23,156,62,89,84,TO_DATE('2016-05-08 13:35:28', 'YYYY-MM-DD HH24:MI:SS'),89,49);
INSERT INTO currenttrades (sharepriceid,amountbuying,amountselling,buyprice,sellprice,timeposted,Share_id,user_id) VALUES (24,131,119,97,75,TO_DATE('2016-09-03 03:02:56', 'YYYY-MM-DD HH24:MI:SS'),1,47);
INSERT INTO currenttrades (sharepriceid,amountbuying,amountselling,buyprice,sellprice,timeposted,Share_id,user_id) VALUES (25,210,83,56,83,TO_DATE('2018-01-20 02:22:44', 'YYYY-MM-DD HH24:MI:SS'),93,50);
INSERT INTO currenttrades (sharepriceid,amountbuying,amountselling,buyprice,sellprice,timeposted,Share_id,user_id) VALUES (26,131,125,53,91,TO_DATE('2018-02-12 04:31:39', 'YYYY-MM-DD HH24:MI:SS'),60,86);
INSERT INTO currenttrades (sharepriceid,amountbuying,amountselling,buyprice,sellprice,timeposted,Share_id,user_id) VALUES (27,222,85,66,97,TO_DATE('2016-03-19 15:56:05', 'YYYY-MM-DD HH24:MI:SS'),93,68);
INSERT INTO currenttrades (sharepriceid,amountbuying,amountselling,buyprice,sellprice,timeposted,Share_id,user_id) VALUES (28,2,82,79,83,TO_DATE('2017-11-24 14:41:53', 'YYYY-MM-DD HH24:MI:SS'),100,95);
INSERT INTO currenttrades (sharepriceid,amountbuying,amountselling,buyprice,sellprice,timeposted,Share_id,user_id) VALUES (29,75,33,54,76,TO_DATE('2017-05-30 07:16:42', 'YYYY-MM-DD HH24:MI:SS'),51,43);
INSERT INTO currenttrades (sharepriceid,amountbuying,amountselling,buyprice,sellprice,timeposted,Share_id,user_id) VALUES (30,219,145,95,79,TO_DATE('2016-07-14 05:17:35', 'YYYY-MM-DD HH24:MI:SS'),10,57);
INSERT INTO currenttrades (sharepriceid,amountbuying,amountselling,buyprice,sellprice,timeposted,Share_id,user_id) VALUES (31,153,150,63,55,TO_DATE('2016-08-31 13:48:36', 'YYYY-MM-DD HH24:MI:SS'),13,14);
INSERT INTO currenttrades (sharepriceid,amountbuying,amountselling,buyprice,sellprice,timeposted,Share_id,user_id) VALUES (32,12,77,81,60,TO_DATE('2017-06-17 04:58:38', 'YYYY-MM-DD HH24:MI:SS'),74,62);
INSERT INTO currenttrades (sharepriceid,amountbuying,amountselling,buyprice,sellprice,timeposted,Share_id,user_id) VALUES (33,1,130,54,69,TO_DATE('2016-05-08 07:43:14', 'YYYY-MM-DD HH24:MI:SS'),92,63);
INSERT INTO currenttrades (sharepriceid,amountbuying,amountselling,buyprice,sellprice,timeposted,Share_id,user_id) VALUES (34,178,75,87,74,TO_DATE('2017-12-08 21:48:17', 'YYYY-MM-DD HH24:MI:SS'),58,52);
INSERT INTO currenttrades (sharepriceid,amountbuying,amountselling,buyprice,sellprice,timeposted,Share_id,user_id) VALUES (35,108,141,83,63,TO_DATE('2017-01-13 21:17:35', 'YYYY-MM-DD HH24:MI:SS'),39,8);
INSERT INTO currenttrades (sharepriceid,amountbuying,amountselling,buyprice,sellprice,timeposted,Share_id,user_id) VALUES (36,175,217,70,86,TO_DATE('2018-02-02 13:15:07', 'YYYY-MM-DD HH24:MI:SS'),18,46);
INSERT INTO currenttrades (sharepriceid,amountbuying,amountselling,buyprice,sellprice,timeposted,Share_id,user_id) VALUES (37,6,47,64,96,TO_DATE('2017-04-06 03:30:45', 'YYYY-MM-DD HH24:MI:SS'),69,59);
INSERT INTO currenttrades (sharepriceid,amountbuying,amountselling,buyprice,sellprice,timeposted,Share_id,user_id) VALUES (38,228,56,61,60,TO_DATE('2018-01-13 11:10:35', 'YYYY-MM-DD HH24:MI:SS'),34,99);
INSERT INTO currenttrades (sharepriceid,amountbuying,amountselling,buyprice,sellprice,timeposted,Share_id,user_id) VALUES (39,192,250,100,60,TO_DATE('2017-04-16 09:56:28', 'YYYY-MM-DD HH24:MI:SS'),75,57);
INSERT INTO currenttrades (sharepriceid,amountbuying,amountselling,buyprice,sellprice,timeposted,Share_id,user_id) VALUES (40,4,69,85,90,TO_DATE('2017-03-29 07:10:50', 'YYYY-MM-DD HH24:MI:SS'),13,37);
INSERT INTO currenttrades (sharepriceid,amountbuying,amountselling,buyprice,sellprice,timeposted,Share_id,user_id) VALUES (41,204,45,99,85,TO_DATE('2016-08-28 15:04:17', 'YYYY-MM-DD HH24:MI:SS'),78,20);
INSERT INTO currenttrades (sharepriceid,amountbuying,amountselling,buyprice,sellprice,timeposted,Share_id,user_id) VALUES (42,59,219,55,87,TO_DATE('2017-01-17 19:45:09', 'YYYY-MM-DD HH24:MI:SS'),23,3);
INSERT INTO currenttrades (sharepriceid,amountbuying,amountselling,buyprice,sellprice,timeposted,Share_id,user_id) VALUES (43,134,163,90,65,TO_DATE('2017-03-23 18:48:32', 'YYYY-MM-DD HH24:MI:SS'),95,36);
INSERT INTO currenttrades (sharepriceid,amountbuying,amountselling,buyprice,sellprice,timeposted,Share_id,user_id) VALUES (44,20,86,79,92,TO_DATE('2016-07-11 03:05:05', 'YYYY-MM-DD HH24:MI:SS'),11,48);
INSERT INTO currenttrades (sharepriceid,amountbuying,amountselling,buyprice,sellprice,timeposted,Share_id,user_id) VALUES (45,158,120,74,52,TO_DATE('2017-08-29 20:10:39', 'YYYY-MM-DD HH24:MI:SS'),84,69);
INSERT INTO currenttrades (sharepriceid,amountbuying,amountselling,buyprice,sellprice,timeposted,Share_id,user_id) VALUES (46,66,193,68,62,TO_DATE('2017-08-11 00:52:45', 'YYYY-MM-DD HH24:MI:SS'),95,92);
INSERT INTO currenttrades (sharepriceid,amountbuying,amountselling,buyprice,sellprice,timeposted,Share_id,user_id) VALUES (47,177,168,85,90,TO_DATE('2016-04-24 10:12:49', 'YYYY-MM-DD HH24:MI:SS'),84,77);
INSERT INTO currenttrades (sharepriceid,amountbuying,amountselling,buyprice,sellprice,timeposted,Share_id,user_id) VALUES (48,70,239,74,51,TO_DATE('2017-03-02 04:59:58', 'YYYY-MM-DD HH24:MI:SS'),97,59);
INSERT INTO currenttrades (sharepriceid,amountbuying,amountselling,buyprice,sellprice,timeposted,Share_id,user_id) VALUES (49,16,206,69,76,TO_DATE('2017-03-29 20:46:41', 'YYYY-MM-DD HH24:MI:SS'),91,7);
INSERT INTO currenttrades (sharepriceid,amountbuying,amountselling,buyprice,sellprice,timeposted,Share_id,user_id) VALUES (50,91,36,62,60,TO_DATE('2017-06-13 08:44:08', 'YYYY-MM-DD HH24:MI:SS'),6,19);
INSERT INTO currenttrades (sharepriceid,amountbuying,amountselling,buyprice,sellprice,timeposted,Share_id,user_id) VALUES (51,4,104,60,71,TO_DATE('2016-11-16 12:09:57', 'YYYY-MM-DD HH24:MI:SS'),93,1);
INSERT INTO currenttrades (sharepriceid,amountbuying,amountselling,buyprice,sellprice,timeposted,Share_id,user_id) VALUES (52,249,1,56,80,TO_DATE('2016-07-31 19:21:10', 'YYYY-MM-DD HH24:MI:SS'),20,81);
INSERT INTO currenttrades (sharepriceid,amountbuying,amountselling,buyprice,sellprice,timeposted,Share_id,user_id) VALUES (53,12,112,61,78,TO_DATE('2016-06-07 13:30:15', 'YYYY-MM-DD HH24:MI:SS'),7,51);
INSERT INTO currenttrades (sharepriceid,amountbuying,amountselling,buyprice,sellprice,timeposted,Share_id,user_id) VALUES (54,179,166,96,80,TO_DATE('2017-10-04 10:07:38', 'YYYY-MM-DD HH24:MI:SS'),48,9);
INSERT INTO currenttrades (sharepriceid,amountbuying,amountselling,buyprice,sellprice,timeposted,Share_id,user_id) VALUES (55,134,151,57,66,TO_DATE('2016-03-25 08:56:57', 'YYYY-MM-DD HH24:MI:SS'),36,27);
INSERT INTO currenttrades (sharepriceid,amountbuying,amountselling,buyprice,sellprice,timeposted,Share_id,user_id) VALUES (56,42,122,57,79,TO_DATE('2017-09-30 23:23:27', 'YYYY-MM-DD HH24:MI:SS'),37,73);
INSERT INTO currenttrades (sharepriceid,amountbuying,amountselling,buyprice,sellprice,timeposted,Share_id,user_id) VALUES (57,135,29,50,56,TO_DATE('2017-05-22 22:31:06', 'YYYY-MM-DD HH24:MI:SS'),88,47);
INSERT INTO currenttrades (sharepriceid,amountbuying,amountselling,buyprice,sellprice,timeposted,Share_id,user_id) VALUES (58,122,237,76,84,TO_DATE('2016-11-18 07:56:03', 'YYYY-MM-DD HH24:MI:SS'),30,56);
INSERT INTO currenttrades (sharepriceid,amountbuying,amountselling,buyprice,sellprice,timeposted,Share_id,user_id) VALUES (59,192,42,100,58,TO_DATE('2017-03-18 08:51:04', 'YYYY-MM-DD HH24:MI:SS'),20,22);
INSERT INTO currenttrades (sharepriceid,amountbuying,amountselling,buyprice,sellprice,timeposted,Share_id,user_id) VALUES (60,188,222,88,85,TO_DATE('2018-01-15 05:44:39', 'YYYY-MM-DD HH24:MI:SS'),34,40);
INSERT INTO currenttrades (sharepriceid,amountbuying,amountselling,buyprice,sellprice,timeposted,Share_id,user_id) VALUES (61,170,201,75,75,TO_DATE('2017-03-18 10:59:21', 'YYYY-MM-DD HH24:MI:SS'),36,41);
INSERT INTO currenttrades (sharepriceid,amountbuying,amountselling,buyprice,sellprice,timeposted,Share_id,user_id) VALUES (62,118,32,63,100,TO_DATE('2017-01-20 13:06:09', 'YYYY-MM-DD HH24:MI:SS'),25,23);
INSERT INTO currenttrades (sharepriceid,amountbuying,amountselling,buyprice,sellprice,timeposted,Share_id,user_id) VALUES (63,16,139,70,87,TO_DATE('2017-08-13 22:21:00', 'YYYY-MM-DD HH24:MI:SS'),81,4);
INSERT INTO currenttrades (sharepriceid,amountbuying,amountselling,buyprice,sellprice,timeposted,Share_id,user_id) VALUES (64,194,8,85,52,TO_DATE('2017-08-17 18:31:53', 'YYYY-MM-DD HH24:MI:SS'),32,33);
INSERT INTO currenttrades (sharepriceid,amountbuying,amountselling,buyprice,sellprice,timeposted,Share_id,user_id) VALUES (65,28,131,60,70,TO_DATE('2017-04-16 19:12:37', 'YYYY-MM-DD HH24:MI:SS'),63,51);
INSERT INTO currenttrades (sharepriceid,amountbuying,amountselling,buyprice,sellprice,timeposted,Share_id,user_id) VALUES (66,147,176,59,92,TO_DATE('2016-09-02 14:54:43', 'YYYY-MM-DD HH24:MI:SS'),75,3);
INSERT INTO currenttrades (sharepriceid,amountbuying,amountselling,buyprice,sellprice,timeposted,Share_id,user_id) VALUES (67,67,66,88,80,TO_DATE('2016-06-30 00:46:38', 'YYYY-MM-DD HH24:MI:SS'),42,41);
INSERT INTO currenttrades (sharepriceid,amountbuying,amountselling,buyprice,sellprice,timeposted,Share_id,user_id) VALUES (68,169,217,56,100,TO_DATE('2017-08-13 13:16:04', 'YYYY-MM-DD HH24:MI:SS'),46,72);
INSERT INTO currenttrades (sharepriceid,amountbuying,amountselling,buyprice,sellprice,timeposted,Share_id,user_id) VALUES (69,131,231,89,63,TO_DATE('2016-10-04 00:55:10', 'YYYY-MM-DD HH24:MI:SS'),21,63);
INSERT INTO currenttrades (sharepriceid,amountbuying,amountselling,buyprice,sellprice,timeposted,Share_id,user_id) VALUES (70,151,163,76,50,TO_DATE('2017-05-28 07:11:24', 'YYYY-MM-DD HH24:MI:SS'),82,99);
INSERT INTO currenttrades (sharepriceid,amountbuying,amountselling,buyprice,sellprice,timeposted,Share_id,user_id) VALUES (71,109,92,89,61,TO_DATE('2016-10-02 08:43:26', 'YYYY-MM-DD HH24:MI:SS'),54,97);
INSERT INTO currenttrades (sharepriceid,amountbuying,amountselling,buyprice,sellprice,timeposted,Share_id,user_id) VALUES (72,104,109,93,80,TO_DATE('2018-01-05 11:01:21', 'YYYY-MM-DD HH24:MI:SS'),82,6);
INSERT INTO currenttrades (sharepriceid,amountbuying,amountselling,buyprice,sellprice,timeposted,Share_id,user_id) VALUES (73,5,165,95,100,TO_DATE('2017-06-12 02:31:08', 'YYYY-MM-DD HH24:MI:SS'),70,19);
INSERT INTO currenttrades (sharepriceid,amountbuying,amountselling,buyprice,sellprice,timeposted,Share_id,user_id) VALUES (74,246,34,88,91,TO_DATE('2017-11-15 03:20:17', 'YYYY-MM-DD HH24:MI:SS'),8,2);
INSERT INTO currenttrades (sharepriceid,amountbuying,amountselling,buyprice,sellprice,timeposted,Share_id,user_id) VALUES (75,150,119,64,96,TO_DATE('2016-10-08 23:20:41', 'YYYY-MM-DD HH24:MI:SS'),68,24);
INSERT INTO currenttrades (sharepriceid,amountbuying,amountselling,buyprice,sellprice,timeposted,Share_id,user_id) VALUES (76,21,153,99,88,TO_DATE('2016-03-23 03:28:26', 'YYYY-MM-DD HH24:MI:SS'),66,49);
INSERT INTO currenttrades (sharepriceid,amountbuying,amountselling,buyprice,sellprice,timeposted,Share_id,user_id) VALUES (77,65,246,80,50,TO_DATE('2018-03-08 03:59:53', 'YYYY-MM-DD HH24:MI:SS'),87,1);
INSERT INTO currenttrades (sharepriceid,amountbuying,amountselling,buyprice,sellprice,timeposted,Share_id,user_id) VALUES (78,5,195,71,74,TO_DATE('2016-07-24 22:02:54', 'YYYY-MM-DD HH24:MI:SS'),4,32);
INSERT INTO currenttrades (sharepriceid,amountbuying,amountselling,buyprice,sellprice,timeposted,Share_id,user_id) VALUES (79,189,182,63,81,TO_DATE('2017-10-30 12:20:41', 'YYYY-MM-DD HH24:MI:SS'),73,5);
INSERT INTO currenttrades (sharepriceid,amountbuying,amountselling,buyprice,sellprice,timeposted,Share_id,user_id) VALUES (80,136,161,90,88,TO_DATE('2017-06-07 22:52:27', 'YYYY-MM-DD HH24:MI:SS'),56,80);
INSERT INTO currenttrades (sharepriceid,amountbuying,amountselling,buyprice,sellprice,timeposted,Share_id,user_id) VALUES (81,14,108,96,57,TO_DATE('2016-12-25 14:31:01', 'YYYY-MM-DD HH24:MI:SS'),10,18);
INSERT INTO currenttrades (sharepriceid,amountbuying,amountselling,buyprice,sellprice,timeposted,Share_id,user_id) VALUES (82,140,246,56,85,TO_DATE('2016-10-11 03:27:49', 'YYYY-MM-DD HH24:MI:SS'),61,93);
INSERT INTO currenttrades (sharepriceid,amountbuying,amountselling,buyprice,sellprice,timeposted,Share_id,user_id) VALUES (83,31,239,93,71,TO_DATE('2017-08-23 21:47:04', 'YYYY-MM-DD HH24:MI:SS'),24,90);
INSERT INTO currenttrades (sharepriceid,amountbuying,amountselling,buyprice,sellprice,timeposted,Share_id,user_id) VALUES (84,156,81,57,77,TO_DATE('2018-01-25 00:21:43', 'YYYY-MM-DD HH24:MI:SS'),54,84);
INSERT INTO currenttrades (sharepriceid,amountbuying,amountselling,buyprice,sellprice,timeposted,Share_id,user_id) VALUES (85,84,179,93,100,TO_DATE('2017-01-17 14:06:11', 'YYYY-MM-DD HH24:MI:SS'),78,93);
INSERT INTO currenttrades (sharepriceid,amountbuying,amountselling,buyprice,sellprice,timeposted,Share_id,user_id) VALUES (86,91,89,62,74,TO_DATE('2017-02-12 18:53:03', 'YYYY-MM-DD HH24:MI:SS'),81,30);
INSERT INTO currenttrades (sharepriceid,amountbuying,amountselling,buyprice,sellprice,timeposted,Share_id,user_id) VALUES (87,166,148,73,51,TO_DATE('2018-01-18 17:28:03', 'YYYY-MM-DD HH24:MI:SS'),22,45);
INSERT INTO currenttrades (sharepriceid,amountbuying,amountselling,buyprice,sellprice,timeposted,Share_id,user_id) VALUES (88,91,190,62,53,TO_DATE('2016-05-03 04:46:03', 'YYYY-MM-DD HH24:MI:SS'),17,38);
INSERT INTO currenttrades (sharepriceid,amountbuying,amountselling,buyprice,sellprice,timeposted,Share_id,user_id) VALUES (89,128,34,61,65,TO_DATE('2016-12-28 08:05:50', 'YYYY-MM-DD HH24:MI:SS'),65,25);
INSERT INTO currenttrades (sharepriceid,amountbuying,amountselling,buyprice,sellprice,timeposted,Share_id,user_id) VALUES (90,212,245,59,88,TO_DATE('2017-01-23 18:11:17', 'YYYY-MM-DD HH24:MI:SS'),3,40);
INSERT INTO currenttrades (sharepriceid,amountbuying,amountselling,buyprice,sellprice,timeposted,Share_id,user_id) VALUES (91,182,55,83,71,TO_DATE('2018-02-04 08:21:22', 'YYYY-MM-DD HH24:MI:SS'),71,77);
INSERT INTO currenttrades (sharepriceid,amountbuying,amountselling,buyprice,sellprice,timeposted,Share_id,user_id) VALUES (92,190,88,95,86,TO_DATE('2016-04-11 02:28:27', 'YYYY-MM-DD HH24:MI:SS'),40,67);
INSERT INTO currenttrades (sharepriceid,amountbuying,amountselling,buyprice,sellprice,timeposted,Share_id,user_id) VALUES (93,145,139,74,96,TO_DATE('2017-02-11 16:02:54', 'YYYY-MM-DD HH24:MI:SS'),36,67);
INSERT INTO currenttrades (sharepriceid,amountbuying,amountselling,buyprice,sellprice,timeposted,Share_id,user_id) VALUES (94,233,119,84,93,TO_DATE('2017-02-18 20:36:12', 'YYYY-MM-DD HH24:MI:SS'),30,5);
INSERT INTO currenttrades (sharepriceid,amountbuying,amountselling,buyprice,sellprice,timeposted,Share_id,user_id) VALUES (95,113,245,78,79,TO_DATE('2016-09-10 00:03:35', 'YYYY-MM-DD HH24:MI:SS'),25,86);
INSERT INTO currenttrades (sharepriceid,amountbuying,amountselling,buyprice,sellprice,timeposted,Share_id,user_id) VALUES (96,225,41,77,88,TO_DATE('2016-06-05 09:02:13', 'YYYY-MM-DD HH24:MI:SS'),19,23);
INSERT INTO currenttrades (sharepriceid,amountbuying,amountselling,buyprice,sellprice,timeposted,Share_id,user_id) VALUES (97,195,152,88,61,TO_DATE('2017-09-11 16:59:01', 'YYYY-MM-DD HH24:MI:SS'),65,55);
INSERT INTO currenttrades (sharepriceid,amountbuying,amountselling,buyprice,sellprice,timeposted,Share_id,user_id) VALUES (98,103,247,70,77,TO_DATE('2016-11-12 15:51:04', 'YYYY-MM-DD HH24:MI:SS'),29,79);
INSERT INTO currenttrades (sharepriceid,amountbuying,amountselling,buyprice,sellprice,timeposted,Share_id,user_id) VALUES (99,245,61,63,83,TO_DATE('2016-07-14 02:29:59', 'YYYY-MM-DD HH24:MI:SS'),71,69);
INSERT INTO currenttrades (sharepriceid,amountbuying,amountselling,buyprice,sellprice,timeposted,Share_id,user_id) VALUES (100,16,163,94,91,TO_DATE('2017-05-02 13:18:32', 'YYYY-MM-DD HH24:MI:SS'),21,78);

INSERT INTO sharesprices (Sharespricesid,price,timestamp,share_shareid) VALUES (1,15,TO_DATE('2016-01-22 23:24:12', 'YYYY-MM-DD HH24:MI:SS'),1);
INSERT INTO sharesprices (Sharespricesid,price,timestamp,share_shareid) VALUES (2,24,TO_DATE('2008-08-10 16:57:08', 'YYYY-MM-DD HH24:MI:SS'),2);
INSERT INTO sharesprices (Sharespricesid,price,timestamp,share_shareid) VALUES (3,22,TO_DATE('2010-08-25 06:13:48', 'YYYY-MM-DD HH24:MI:SS'),3);
INSERT INTO sharesprices (Sharespricesid,price,timestamp,share_shareid) VALUES (4,5,TO_DATE('2014-03-25 15:09:17', 'YYYY-MM-DD HH24:MI:SS'),4);
INSERT INTO sharesprices (Sharespricesid,price,timestamp,share_shareid) VALUES (5,10,TO_DATE('2006-11-22 09:45:24', 'YYYY-MM-DD HH24:MI:SS'),5);
INSERT INTO sharesprices (Sharespricesid,price,timestamp,share_shareid) VALUES (6,7,TO_DATE('2013-09-04 00:02:35', 'YYYY-MM-DD HH24:MI:SS'),6);
INSERT INTO sharesprices (Sharespricesid,price,timestamp,share_shareid) VALUES (7,15,TO_DATE('2015-01-30 08:41:03', 'YYYY-MM-DD HH24:MI:SS'),7);
INSERT INTO sharesprices (Sharespricesid,price,timestamp,share_shareid) VALUES (8,29,TO_DATE('2009-02-07 02:28:02', 'YYYY-MM-DD HH24:MI:SS'),8);
INSERT INTO sharesprices (Sharespricesid,price,timestamp,share_shareid) VALUES (9,14,TO_DATE('2007-08-27 18:57:47', 'YYYY-MM-DD HH24:MI:SS'),9);
INSERT INTO sharesprices (Sharespricesid,price,timestamp,share_shareid) VALUES (10,2,TO_DATE('2006-02-14 13:37:24', 'YYYY-MM-DD HH24:MI:SS'),10);
INSERT INTO sharesprices (Sharespricesid,price,timestamp,share_shareid) VALUES (11,12,TO_DATE('2009-06-13 07:01:04', 'YYYY-MM-DD HH24:MI:SS'),11);
INSERT INTO sharesprices (Sharespricesid,price,timestamp,share_shareid) VALUES (12,23,TO_DATE('2014-03-02 06:32:34', 'YYYY-MM-DD HH24:MI:SS'),12);
INSERT INTO sharesprices (Sharespricesid,price,timestamp,share_shareid) VALUES (13,11,TO_DATE('2006-11-05 05:00:58', 'YYYY-MM-DD HH24:MI:SS'),13);
INSERT INTO sharesprices (Sharespricesid,price,timestamp,share_shareid) VALUES (14,10,TO_DATE('2007-12-20 18:24:20', 'YYYY-MM-DD HH24:MI:SS'),14);
INSERT INTO sharesprices (Sharespricesid,price,timestamp,share_shareid) VALUES (15,7,TO_DATE('2012-07-15 07:02:05', 'YYYY-MM-DD HH24:MI:SS'),15);
INSERT INTO sharesprices (Sharespricesid,price,timestamp,share_shareid) VALUES (16,14,TO_DATE('2006-02-23 16:07:18', 'YYYY-MM-DD HH24:MI:SS'),16);
INSERT INTO sharesprices (Sharespricesid,price,timestamp,share_shareid) VALUES (17,15,TO_DATE('2008-01-22 11:31:04', 'YYYY-MM-DD HH24:MI:SS'),17);
INSERT INTO sharesprices (Sharespricesid,price,timestamp,share_shareid) VALUES (18,8,TO_DATE('2015-06-13 18:01:53', 'YYYY-MM-DD HH24:MI:SS'),18);
INSERT INTO sharesprices (Sharespricesid,price,timestamp,share_shareid) VALUES (19,29,TO_DATE('2010-04-11 20:09:15', 'YYYY-MM-DD HH24:MI:SS'),19);
INSERT INTO sharesprices (Sharespricesid,price,timestamp,share_shareid) VALUES (20,6,TO_DATE('2011-08-03 21:20:50', 'YYYY-MM-DD HH24:MI:SS'),20);
INSERT INTO sharesprices (Sharespricesid,price,timestamp,share_shareid) VALUES (21,1,TO_DATE('2007-11-30 01:05:42', 'YYYY-MM-DD HH24:MI:SS'),21);
INSERT INTO sharesprices (Sharespricesid,price,timestamp,share_shareid) VALUES (22,17,TO_DATE('2007-09-17 05:13:28', 'YYYY-MM-DD HH24:MI:SS'),22);
INSERT INTO sharesprices (Sharespricesid,price,timestamp,share_shareid) VALUES (23,17,TO_DATE('2007-11-15 23:18:18', 'YYYY-MM-DD HH24:MI:SS'),23);
INSERT INTO sharesprices (Sharespricesid,price,timestamp,share_shareid) VALUES (24,20,TO_DATE('2011-12-03 20:37:33', 'YYYY-MM-DD HH24:MI:SS'),24);
INSERT INTO sharesprices (Sharespricesid,price,timestamp,share_shareid) VALUES (25,8,TO_DATE('2012-12-30 17:26:11', 'YYYY-MM-DD HH24:MI:SS'),25);
INSERT INTO sharesprices (Sharespricesid,price,timestamp,share_shareid) VALUES (26,14,TO_DATE('2006-10-17 08:49:01', 'YYYY-MM-DD HH24:MI:SS'),26);
INSERT INTO sharesprices (Sharespricesid,price,timestamp,share_shareid) VALUES (27,12,TO_DATE('2016-01-16 14:56:25', 'YYYY-MM-DD HH24:MI:SS'),27);
INSERT INTO sharesprices (Sharespricesid,price,timestamp,share_shareid) VALUES (28,14,TO_DATE('2009-07-12 05:29:00', 'YYYY-MM-DD HH24:MI:SS'),28);
INSERT INTO sharesprices (Sharespricesid,price,timestamp,share_shareid) VALUES (29,18,TO_DATE('2012-10-21 15:54:33', 'YYYY-MM-DD HH24:MI:SS'),29);
INSERT INTO sharesprices (Sharespricesid,price,timestamp,share_shareid) VALUES (30,29,TO_DATE('2007-09-24 05:25:05', 'YYYY-MM-DD HH24:MI:SS'),30);
INSERT INTO sharesprices (Sharespricesid,price,timestamp,share_shareid) VALUES (31,14,TO_DATE('2008-10-15 16:30:25', 'YYYY-MM-DD HH24:MI:SS'),31);
INSERT INTO sharesprices (Sharespricesid,price,timestamp,share_shareid) VALUES (32,1,TO_DATE('2011-05-12 07:27:50', 'YYYY-MM-DD HH24:MI:SS'),32);
INSERT INTO sharesprices (Sharespricesid,price,timestamp,share_shareid) VALUES (33,10,TO_DATE('2012-04-26 18:55:35', 'YYYY-MM-DD HH24:MI:SS'),33);
INSERT INTO sharesprices (Sharespricesid,price,timestamp,share_shareid) VALUES (34,30,TO_DATE('2013-05-04 18:01:07', 'YYYY-MM-DD HH24:MI:SS'),34);
INSERT INTO sharesprices (Sharespricesid,price,timestamp,share_shareid) VALUES (35,29,TO_DATE('2006-08-22 14:43:23', 'YYYY-MM-DD HH24:MI:SS'),35);
INSERT INTO sharesprices (Sharespricesid,price,timestamp,share_shareid) VALUES (36,26,TO_DATE('2010-09-14 09:43:15', 'YYYY-MM-DD HH24:MI:SS'),36);
INSERT INTO sharesprices (Sharespricesid,price,timestamp,share_shareid) VALUES (37,20,TO_DATE('2009-05-07 14:50:54', 'YYYY-MM-DD HH24:MI:SS'),37);
INSERT INTO sharesprices (Sharespricesid,price,timestamp,share_shareid) VALUES (38,24,TO_DATE('2004-04-25 17:10:45', 'YYYY-MM-DD HH24:MI:SS'),38);
INSERT INTO sharesprices (Sharespricesid,price,timestamp,share_shareid) VALUES (39,13,TO_DATE('2005-03-29 07:31:27', 'YYYY-MM-DD HH24:MI:SS'),39);
INSERT INTO sharesprices (Sharespricesid,price,timestamp,share_shareid) VALUES (40,10,TO_DATE('2013-08-09 15:29:35', 'YYYY-MM-DD HH24:MI:SS'),40);
INSERT INTO sharesprices (Sharespricesid,price,timestamp,share_shareid) VALUES (41,20,TO_DATE('2011-09-24 12:38:02', 'YYYY-MM-DD HH24:MI:SS'),41);
INSERT INTO sharesprices (Sharespricesid,price,timestamp,share_shareid) VALUES (42,24,TO_DATE('2015-03-20 05:29:11', 'YYYY-MM-DD HH24:MI:SS'),42);
INSERT INTO sharesprices (Sharespricesid,price,timestamp,share_shareid) VALUES (43,29,TO_DATE('2010-07-10 03:24:02', 'YYYY-MM-DD HH24:MI:SS'),43);
INSERT INTO sharesprices (Sharespricesid,price,timestamp,share_shareid) VALUES (44,18,TO_DATE('2013-01-31 06:58:53', 'YYYY-MM-DD HH24:MI:SS'),44);
INSERT INTO sharesprices (Sharespricesid,price,timestamp,share_shareid) VALUES (45,21,TO_DATE('2011-10-28 04:38:36', 'YYYY-MM-DD HH24:MI:SS'),45);
INSERT INTO sharesprices (Sharespricesid,price,timestamp,share_shareid) VALUES (46,6,TO_DATE('2013-01-25 21:16:55', 'YYYY-MM-DD HH24:MI:SS'),46);
INSERT INTO sharesprices (Sharespricesid,price,timestamp,share_shareid) VALUES (47,12,TO_DATE('2010-04-16 18:51:19', 'YYYY-MM-DD HH24:MI:SS'),47);
INSERT INTO sharesprices (Sharespricesid,price,timestamp,share_shareid) VALUES (48,16,TO_DATE('2005-11-21 00:26:06', 'YYYY-MM-DD HH24:MI:SS'),48);
INSERT INTO sharesprices (Sharespricesid,price,timestamp,share_shareid) VALUES (49,28,TO_DATE('2007-12-13 22:30:24', 'YYYY-MM-DD HH24:MI:SS'),49);
INSERT INTO sharesprices (Sharespricesid,price,timestamp,share_shareid) VALUES (50,30,TO_DATE('2007-06-06 18:17:50', 'YYYY-MM-DD HH24:MI:SS'),50);
INSERT INTO sharesprices (Sharespricesid,price,timestamp,share_shareid) VALUES (51,6,TO_DATE('2015-03-24 00:52:34', 'YYYY-MM-DD HH24:MI:SS'),51);
INSERT INTO sharesprices (Sharespricesid,price,timestamp,share_shareid) VALUES (52,2,TO_DATE('2008-07-18 16:09:35', 'YYYY-MM-DD HH24:MI:SS'),52);
INSERT INTO sharesprices (Sharespricesid,price,timestamp,share_shareid) VALUES (53,3,TO_DATE('2015-03-02 04:17:32', 'YYYY-MM-DD HH24:MI:SS'),53);
INSERT INTO sharesprices (Sharespricesid,price,timestamp,share_shareid) VALUES (54,3,TO_DATE('2006-09-21 19:37:11', 'YYYY-MM-DD HH24:MI:SS'),54);
INSERT INTO sharesprices (Sharespricesid,price,timestamp,share_shareid) VALUES (55,29,TO_DATE('2013-06-23 12:21:58', 'YYYY-MM-DD HH24:MI:SS'),55);
INSERT INTO sharesprices (Sharespricesid,price,timestamp,share_shareid) VALUES (56,2,TO_DATE('2005-07-18 10:18:02', 'YYYY-MM-DD HH24:MI:SS'),56);
INSERT INTO sharesprices (Sharespricesid,price,timestamp,share_shareid) VALUES (57,24,TO_DATE('2010-09-18 13:13:49', 'YYYY-MM-DD HH24:MI:SS'),57);
INSERT INTO sharesprices (Sharespricesid,price,timestamp,share_shareid) VALUES (58,9,TO_DATE('2011-10-07 09:27:09', 'YYYY-MM-DD HH24:MI:SS'),58);
INSERT INTO sharesprices (Sharespricesid,price,timestamp,share_shareid) VALUES (59,30,TO_DATE('2009-02-28 20:14:10', 'YYYY-MM-DD HH24:MI:SS'),59);
INSERT INTO sharesprices (Sharespricesid,price,timestamp,share_shareid) VALUES (60,7,TO_DATE('2006-01-26 17:19:15', 'YYYY-MM-DD HH24:MI:SS'),60);
INSERT INTO sharesprices (Sharespricesid,price,timestamp,share_shareid) VALUES (61,3,TO_DATE('2005-01-26 20:16:33', 'YYYY-MM-DD HH24:MI:SS'),61);
INSERT INTO sharesprices (Sharespricesid,price,timestamp,share_shareid) VALUES (62,18,TO_DATE('2009-10-17 22:02:03', 'YYYY-MM-DD HH24:MI:SS'),62);
INSERT INTO sharesprices (Sharespricesid,price,timestamp,share_shareid) VALUES (63,22,TO_DATE('2010-02-17 00:27:06', 'YYYY-MM-DD HH24:MI:SS'),63);
INSERT INTO sharesprices (Sharespricesid,price,timestamp,share_shareid) VALUES (64,23,TO_DATE('2009-08-05 17:51:42', 'YYYY-MM-DD HH24:MI:SS'),64);
INSERT INTO sharesprices (Sharespricesid,price,timestamp,share_shareid) VALUES (65,19,TO_DATE('2008-05-07 09:52:14', 'YYYY-MM-DD HH24:MI:SS'),65);
INSERT INTO sharesprices (Sharespricesid,price,timestamp,share_shareid) VALUES (66,25,TO_DATE('2014-01-05 23:26:03', 'YYYY-MM-DD HH24:MI:SS'),66);
INSERT INTO sharesprices (Sharespricesid,price,timestamp,share_shareid) VALUES (67,29,TO_DATE('2009-07-24 13:34:24', 'YYYY-MM-DD HH24:MI:SS'),67);
INSERT INTO sharesprices (Sharespricesid,price,timestamp,share_shareid) VALUES (68,19,TO_DATE('2011-10-20 10:44:13', 'YYYY-MM-DD HH24:MI:SS'),68);
INSERT INTO sharesprices (Sharespricesid,price,timestamp,share_shareid) VALUES (69,17,TO_DATE('2013-03-11 20:39:56', 'YYYY-MM-DD HH24:MI:SS'),69);
INSERT INTO sharesprices (Sharespricesid,price,timestamp,share_shareid) VALUES (70,28,TO_DATE('2014-04-29 13:43:20', 'YYYY-MM-DD HH24:MI:SS'),70);
INSERT INTO sharesprices (Sharespricesid,price,timestamp,share_shareid) VALUES (71,7,TO_DATE('2010-03-19 16:15:11', 'YYYY-MM-DD HH24:MI:SS'),71);
INSERT INTO sharesprices (Sharespricesid,price,timestamp,share_shareid) VALUES (72,7,TO_DATE('2009-04-06 12:24:34', 'YYYY-MM-DD HH24:MI:SS'),72);
INSERT INTO sharesprices (Sharespricesid,price,timestamp,share_shareid) VALUES (73,2,TO_DATE('2006-03-08 11:58:45', 'YYYY-MM-DD HH24:MI:SS'),73);
INSERT INTO sharesprices (Sharespricesid,price,timestamp,share_shareid) VALUES (74,13,TO_DATE('2011-06-24 21:18:29', 'YYYY-MM-DD HH24:MI:SS'),74);
INSERT INTO sharesprices (Sharespricesid,price,timestamp,share_shareid) VALUES (75,17,TO_DATE('2010-08-18 10:23:08', 'YYYY-MM-DD HH24:MI:SS'),75);
INSERT INTO sharesprices (Sharespricesid,price,timestamp,share_shareid) VALUES (76,2,TO_DATE('2006-10-26 18:38:00', 'YYYY-MM-DD HH24:MI:SS'),76);
INSERT INTO sharesprices (Sharespricesid,price,timestamp,share_shareid) VALUES (77,7,TO_DATE('2005-09-15 21:45:20', 'YYYY-MM-DD HH24:MI:SS'),77);
INSERT INTO sharesprices (Sharespricesid,price,timestamp,share_shareid) VALUES (78,25,TO_DATE('2010-06-12 04:14:21', 'YYYY-MM-DD HH24:MI:SS'),78);
INSERT INTO sharesprices (Sharespricesid,price,timestamp,share_shareid) VALUES (79,14,TO_DATE('2004-11-01 06:17:46', 'YYYY-MM-DD HH24:MI:SS'),79);
INSERT INTO sharesprices (Sharespricesid,price,timestamp,share_shareid) VALUES (80,11,TO_DATE('2010-03-26 19:10:09', 'YYYY-MM-DD HH24:MI:SS'),80);
INSERT INTO sharesprices (Sharespricesid,price,timestamp,share_shareid) VALUES (81,17,TO_DATE('2007-04-16 09:44:15', 'YYYY-MM-DD HH24:MI:SS'),81);
INSERT INTO sharesprices (Sharespricesid,price,timestamp,share_shareid) VALUES (82,30,TO_DATE('2014-07-08 16:59:03', 'YYYY-MM-DD HH24:MI:SS'),82);
INSERT INTO sharesprices (Sharespricesid,price,timestamp,share_shareid) VALUES (83,22,TO_DATE('2009-04-20 19:16:09', 'YYYY-MM-DD HH24:MI:SS'),83);
INSERT INTO sharesprices (Sharespricesid,price,timestamp,share_shareid) VALUES (84,8,TO_DATE('2010-08-09 05:09:59', 'YYYY-MM-DD HH24:MI:SS'),84);
INSERT INTO sharesprices (Sharespricesid,price,timestamp,share_shareid) VALUES (85,8,TO_DATE('2004-06-19 15:35:59', 'YYYY-MM-DD HH24:MI:SS'),85);
INSERT INTO sharesprices (Sharespricesid,price,timestamp,share_shareid) VALUES (86,11,TO_DATE('2009-11-23 06:21:17', 'YYYY-MM-DD HH24:MI:SS'),86);
INSERT INTO sharesprices (Sharespricesid,price,timestamp,share_shareid) VALUES (87,19,TO_DATE('2004-04-28 15:20:37', 'YYYY-MM-DD HH24:MI:SS'),87);
INSERT INTO sharesprices (Sharespricesid,price,timestamp,share_shareid) VALUES (88,21,TO_DATE('2014-01-04 11:46:19', 'YYYY-MM-DD HH24:MI:SS'),88);
INSERT INTO sharesprices (Sharespricesid,price,timestamp,share_shareid) VALUES (89,9,TO_DATE('2009-12-22 23:32:29', 'YYYY-MM-DD HH24:MI:SS'),89);
INSERT INTO sharesprices (Sharespricesid,price,timestamp,share_shareid) VALUES (90,9,TO_DATE('2005-03-09 12:58:05', 'YYYY-MM-DD HH24:MI:SS'),90);
INSERT INTO sharesprices (Sharespricesid,price,timestamp,share_shareid) VALUES (91,9,TO_DATE('2009-01-17 13:40:36', 'YYYY-MM-DD HH24:MI:SS'),91);
INSERT INTO sharesprices (Sharespricesid,price,timestamp,share_shareid) VALUES (92,2,TO_DATE('2013-06-20 18:34:18', 'YYYY-MM-DD HH24:MI:SS'),92);
INSERT INTO sharesprices (Sharespricesid,price,timestamp,share_shareid) VALUES (93,28,TO_DATE('2015-01-19 05:12:29', 'YYYY-MM-DD HH24:MI:SS'),93);
INSERT INTO sharesprices (Sharespricesid,price,timestamp,share_shareid) VALUES (94,30,TO_DATE('2008-07-10 09:36:07', 'YYYY-MM-DD HH24:MI:SS'),94);
INSERT INTO sharesprices (Sharespricesid,price,timestamp,share_shareid) VALUES (95,27,TO_DATE('2005-06-16 14:52:53', 'YYYY-MM-DD HH24:MI:SS'),95);
INSERT INTO sharesprices (Sharespricesid,price,timestamp,share_shareid) VALUES (96,26,TO_DATE('2006-02-25 22:13:30', 'YYYY-MM-DD HH24:MI:SS'),96);
INSERT INTO sharesprices (Sharespricesid,price,timestamp,share_shareid) VALUES (97,9,TO_DATE('2005-11-12 21:09:25', 'YYYY-MM-DD HH24:MI:SS'),97);
INSERT INTO sharesprices (Sharespricesid,price,timestamp,share_shareid) VALUES (98,13,TO_DATE('2013-01-29 11:58:26', 'YYYY-MM-DD HH24:MI:SS'),98);
INSERT INTO sharesprices (Sharespricesid,price,timestamp,share_shareid) VALUES (99,3,TO_DATE('2005-12-29 06:34:50', 'YYYY-MM-DD HH24:MI:SS'),99);
INSERT INTO sharesprices (Sharespricesid,price,timestamp,share_shareid) VALUES (100,23,TO_DATE('2015-12-01 18:05:15', 'YYYY-MM-DD HH24:MI:SS'),100);

 INSERT INTO trackedshare (trackedid,user_userid,shareprice_sharespricesid) VALUES (1,23,61);
INSERT INTO trackedshare (trackedid,user_userid,shareprice_sharespricesid) VALUES (2,37,34);
INSERT INTO trackedshare (trackedid,user_userid,shareprice_sharespricesid) VALUES (3,10,89);
INSERT INTO trackedshare (trackedid,user_userid,shareprice_sharespricesid) VALUES (4,36,7);
INSERT INTO trackedshare (trackedid,user_userid,shareprice_sharespricesid) VALUES (5,10,62);
INSERT INTO trackedshare (trackedid,user_userid,shareprice_sharespricesid) VALUES (6,93,72);
INSERT INTO trackedshare (trackedid,user_userid,shareprice_sharespricesid) VALUES (7,62,78);
INSERT INTO trackedshare (trackedid,user_userid,shareprice_sharespricesid) VALUES (8,74,39);
INSERT INTO trackedshare (trackedid,user_userid,shareprice_sharespricesid) VALUES (9,2,65);
INSERT INTO trackedshare (trackedid,user_userid,shareprice_sharespricesid) VALUES (10,20,5);
INSERT INTO trackedshare (trackedid,user_userid,shareprice_sharespricesid) VALUES (11,94,79);
INSERT INTO trackedshare (trackedid,user_userid,shareprice_sharespricesid) VALUES (12,32,38);
INSERT INTO trackedshare (trackedid,user_userid,shareprice_sharespricesid) VALUES (13,61,75);
INSERT INTO trackedshare (trackedid,user_userid,shareprice_sharespricesid) VALUES (14,2,30);
INSERT INTO trackedshare (trackedid,user_userid,shareprice_sharespricesid) VALUES (15,58,78);
INSERT INTO trackedshare (trackedid,user_userid,shareprice_sharespricesid) VALUES (16,61,10);
INSERT INTO trackedshare (trackedid,user_userid,shareprice_sharespricesid) VALUES (17,99,75);
INSERT INTO trackedshare (trackedid,user_userid,shareprice_sharespricesid) VALUES (18,42,61);
INSERT INTO trackedshare (trackedid,user_userid,shareprice_sharespricesid) VALUES (19,31,82);
INSERT INTO trackedshare (trackedid,user_userid,shareprice_sharespricesid) VALUES (20,86,3);
INSERT INTO trackedshare (trackedid,user_userid,shareprice_sharespricesid) VALUES (21,48,90);
INSERT INTO trackedshare (trackedid,user_userid,shareprice_sharespricesid) VALUES (22,27,34);
INSERT INTO trackedshare (trackedid,user_userid,shareprice_sharespricesid) VALUES (23,36,1);
INSERT INTO trackedshare (trackedid,user_userid,shareprice_sharespricesid) VALUES (24,93,46);
INSERT INTO trackedshare (trackedid,user_userid,shareprice_sharespricesid) VALUES (25,41,67);
INSERT INTO trackedshare (trackedid,user_userid,shareprice_sharespricesid) VALUES (26,71,64);
INSERT INTO trackedshare (trackedid,user_userid,shareprice_sharespricesid) VALUES (27,42,58);
INSERT INTO trackedshare (trackedid,user_userid,shareprice_sharespricesid) VALUES (28,46,99);
INSERT INTO trackedshare (trackedid,user_userid,shareprice_sharespricesid) VALUES (29,33,82);
INSERT INTO trackedshare (trackedid,user_userid,shareprice_sharespricesid) VALUES (30,89,21);
INSERT INTO trackedshare (trackedid,user_userid,shareprice_sharespricesid) VALUES (31,8,98);
INSERT INTO trackedshare (trackedid,user_userid,shareprice_sharespricesid) VALUES (32,74,66);
INSERT INTO trackedshare (trackedid,user_userid,shareprice_sharespricesid) VALUES (33,67,59);
INSERT INTO trackedshare (trackedid,user_userid,shareprice_sharespricesid) VALUES (34,74,94);
INSERT INTO trackedshare (trackedid,user_userid,shareprice_sharespricesid) VALUES (35,44,83);
INSERT INTO trackedshare (trackedid,user_userid,shareprice_sharespricesid) VALUES (36,9,21);
INSERT INTO trackedshare (trackedid,user_userid,shareprice_sharespricesid) VALUES (37,72,58);
INSERT INTO trackedshare (trackedid,user_userid,shareprice_sharespricesid) VALUES (38,68,79);
INSERT INTO trackedshare (trackedid,user_userid,shareprice_sharespricesid) VALUES (39,100,78);
INSERT INTO trackedshare (trackedid,user_userid,shareprice_sharespricesid) VALUES (40,1,50);
INSERT INTO trackedshare (trackedid,user_userid,shareprice_sharespricesid) VALUES (41,50,93);
INSERT INTO trackedshare (trackedid,user_userid,shareprice_sharespricesid) VALUES (42,3,76);
INSERT INTO trackedshare (trackedid,user_userid,shareprice_sharespricesid) VALUES (43,4,11);
INSERT INTO trackedshare (trackedid,user_userid,shareprice_sharespricesid) VALUES (44,91,10);
INSERT INTO trackedshare (trackedid,user_userid,shareprice_sharespricesid) VALUES (45,12,64);
INSERT INTO trackedshare (trackedid,user_userid,shareprice_sharespricesid) VALUES (46,13,3);
INSERT INTO trackedshare (trackedid,user_userid,shareprice_sharespricesid) VALUES (47,32,70);
INSERT INTO trackedshare (trackedid,user_userid,shareprice_sharespricesid) VALUES (48,17,95);
INSERT INTO trackedshare (trackedid,user_userid,shareprice_sharespricesid) VALUES (49,19,40);
INSERT INTO trackedshare (trackedid,user_userid,shareprice_sharespricesid) VALUES (50,16,34);
INSERT INTO trackedshare (trackedid,user_userid,shareprice_sharespricesid) VALUES (51,6,29);
INSERT INTO trackedshare (trackedid,user_userid,shareprice_sharespricesid) VALUES (52,50,52);
INSERT INTO trackedshare (trackedid,user_userid,shareprice_sharespricesid) VALUES (53,94,1);
INSERT INTO trackedshare (trackedid,user_userid,shareprice_sharespricesid) VALUES (54,90,21);
INSERT INTO trackedshare (trackedid,user_userid,shareprice_sharespricesid) VALUES (55,34,35);
INSERT INTO trackedshare (trackedid,user_userid,shareprice_sharespricesid) VALUES (56,7,41);
INSERT INTO trackedshare (trackedid,user_userid,shareprice_sharespricesid) VALUES (57,91,88);
INSERT INTO trackedshare (trackedid,user_userid,shareprice_sharespricesid) VALUES (58,44,54);
INSERT INTO trackedshare (trackedid,user_userid,shareprice_sharespricesid) VALUES (59,39,42);
INSERT INTO trackedshare (trackedid,user_userid,shareprice_sharespricesid) VALUES (60,21,75);
INSERT INTO trackedshare (trackedid,user_userid,shareprice_sharespricesid) VALUES (61,45,85);
INSERT INTO trackedshare (trackedid,user_userid,shareprice_sharespricesid) VALUES (62,1,59);
INSERT INTO trackedshare (trackedid,user_userid,shareprice_sharespricesid) VALUES (63,14,29);
INSERT INTO trackedshare (trackedid,user_userid,shareprice_sharespricesid) VALUES (64,75,14);
INSERT INTO trackedshare (trackedid,user_userid,shareprice_sharespricesid) VALUES (65,76,7);
INSERT INTO trackedshare (trackedid,user_userid,shareprice_sharespricesid) VALUES (66,31,34);
INSERT INTO trackedshare (trackedid,user_userid,shareprice_sharespricesid) VALUES (67,62,50);
INSERT INTO trackedshare (trackedid,user_userid,shareprice_sharespricesid) VALUES (68,32,1);
INSERT INTO trackedshare (trackedid,user_userid,shareprice_sharespricesid) VALUES (69,41,11);
INSERT INTO trackedshare (trackedid,user_userid,shareprice_sharespricesid) VALUES (70,16,56);
INSERT INTO trackedshare (trackedid,user_userid,shareprice_sharespricesid) VALUES (71,39,23);
INSERT INTO trackedshare (trackedid,user_userid,shareprice_sharespricesid) VALUES (72,32,15);
INSERT INTO trackedshare (trackedid,user_userid,shareprice_sharespricesid) VALUES (73,98,49);
INSERT INTO trackedshare (trackedid,user_userid,shareprice_sharespricesid) VALUES (74,97,1);
INSERT INTO trackedshare (trackedid,user_userid,shareprice_sharespricesid) VALUES (75,7,100);
INSERT INTO trackedshare (trackedid,user_userid,shareprice_sharespricesid) VALUES (76,84,92);
INSERT INTO trackedshare (trackedid,user_userid,shareprice_sharespricesid) VALUES (77,43,29);
INSERT INTO trackedshare (trackedid,user_userid,shareprice_sharespricesid) VALUES (78,1,50);
INSERT INTO trackedshare (trackedid,user_userid,shareprice_sharespricesid) VALUES (79,25,83);
INSERT INTO trackedshare (trackedid,user_userid,shareprice_sharespricesid) VALUES (80,17,71);
INSERT INTO trackedshare (trackedid,user_userid,shareprice_sharespricesid) VALUES (81,86,18);
INSERT INTO trackedshare (trackedid,user_userid,shareprice_sharespricesid) VALUES (82,34,50);
INSERT INTO trackedshare (trackedid,user_userid,shareprice_sharespricesid) VALUES (83,29,80);
INSERT INTO trackedshare (trackedid,user_userid,shareprice_sharespricesid) VALUES (84,23,49);
INSERT INTO trackedshare (trackedid,user_userid,shareprice_sharespricesid) VALUES (85,2,44);
INSERT INTO trackedshare (trackedid,user_userid,shareprice_sharespricesid) VALUES (86,41,81);
INSERT INTO trackedshare (trackedid,user_userid,shareprice_sharespricesid) VALUES (87,79,94);
INSERT INTO trackedshare (trackedid,user_userid,shareprice_sharespricesid) VALUES (88,96,30);
INSERT INTO trackedshare (trackedid,user_userid,shareprice_sharespricesid) VALUES (89,92,63);
INSERT INTO trackedshare (trackedid,user_userid,shareprice_sharespricesid) VALUES (90,51,64);
INSERT INTO trackedshare (trackedid,user_userid,shareprice_sharespricesid) VALUES (91,90,57);
INSERT INTO trackedshare (trackedid,user_userid,shareprice_sharespricesid) VALUES (92,47,89);
INSERT INTO trackedshare (trackedid,user_userid,shareprice_sharespricesid) VALUES (93,24,58);
INSERT INTO trackedshare (trackedid,user_userid,shareprice_sharespricesid) VALUES (94,13,12);
INSERT INTO trackedshare (trackedid,user_userid,shareprice_sharespricesid) VALUES (95,67,10);
INSERT INTO trackedshare (trackedid,user_userid,shareprice_sharespricesid) VALUES (96,74,72);
INSERT INTO trackedshare (trackedid,user_userid,shareprice_sharespricesid) VALUES (97,71,1);
INSERT INTO trackedshare (trackedid,user_userid,shareprice_sharespricesid) VALUES (98,4,100);
INSERT INTO trackedshare (trackedid,user_userid,shareprice_sharespricesid) VALUES (99,18,22);
INSERT INTO trackedshare (trackedid,user_userid,shareprice_sharespricesid) VALUES (100,76,63);

UPDATE Users
   SET password = 'password';

update users  set adminboolean= '1' where userid='1';
update users  set banned= '1' where userid='100';
update users set imagefile = hextoraw('453d7a34');

/* Ammend for valid trades */
INSERT INTO ownedshares (ownedshareid,pricepershare,quantity,user_id,share_shareid) VALUES (101,16,37,47,5);
INSERT INTO currenttrades (sharepriceid,amountbuying,amountselling,buyprice,sellprice,timeposted,Share_id,user_id) VALUES (101,11,34,72,79,TO_DATE('2017-06-22 15:16:01', 'YYYY-MM-DD HH24:MI:SS'),5,47);
INSERT INTO ownedshares (ownedshareid,pricepershare,quantity,user_id,share_shareid) VALUES (102,16,37,48,5);
INSERT INTO currenttrades (sharepriceid,amountbuying,amountselling,buyprice,sellprice,timeposted,Share_id,user_id) VALUES (102,11,34,72,79,TO_DATE('2017-06-22 15:16:01', 'YYYY-MM-DD HH24:MI:SS'),5,48);
INSERT INTO ownedshares (ownedshareid,pricepershare,quantity,user_id,share_shareid) VALUES (103,16,37,49,5);
INSERT INTO currenttrades (sharepriceid,amountbuying,amountselling,buyprice,sellprice,timeposted,Share_id,user_id) VALUES (103,11,34,72,79,TO_DATE('2017-06-22 15:16:01', 'YYYY-MM-DD HH24:MI:SS'),5,49);
INSERT INTO ownedshares (ownedshareid,pricepershare,quantity,user_id,share_shareid) VALUES (104,16,37,50,5);
INSERT INTO currenttrades (sharepriceid,amountbuying,amountselling,buyprice,sellprice,timeposted,Share_id,user_id) VALUES (104,11,34,72,79,TO_DATE('2017-06-22 15:16:01', 'YYYY-MM-DD HH24:MI:SS'),5,50);
INSERT INTO ownedshares (ownedshareid,pricepershare,quantity,user_id,share_shareid) VALUES (105,16,37,51,5);
INSERT INTO currenttrades (sharepriceid,amountbuying,amountselling,buyprice,sellprice,timeposted,Share_id,user_id) VALUES (105,11,34,72,79,TO_DATE('2017-06-22 15:16:01', 'YYYY-MM-DD HH24:MI:SS'),5,51);




commit;